-0.0264,-0.2805,0.2932,0.3262,0.2463,-1.8362,0.3960,-0.3218,-0.9116,-0.1152,-0.6499,-0.1492,0.1775,-0.4932,-1.1780,0.1692,0.3997,-0.2261,-0.5112,-1.0549,-2.0000,0.0232,0.9534,-1.3008,-0.1375,-0.3335,-2.0000,-0.2712,-2.0000,-2.0000,-0.3931,-0.5225,0.7766,-0.1277,-0.5366,-0.1572,-0.4507,-0.5166,-0.3562,-0.7676,-0.5854,-0.3481,0.4236,-1.0852,-2.0000,0.0811,-0.2485,0.4773,-0.6562,-0.7898,-1.0806,-0.1292,0.1472,-0.1250,0.6487,0.6401,-1.7502,0.1045,0.1746,-0.7437,0.3857,0.1675,-0.7896,-1.0000,-1.9211,-1.8608,0.2800,-1.3279,-2.0000,0.1316,-0.1094,-0.0869,-0.3298,-0.6006,-2.0000,-0.4539,-0.0544,0.4727,-0.5952,-1.3130,-1.4451,0.5220,0.0708,-1.4360,-0.3013,-0.0955,-2.0000,-0.3538,0.1382,-1.3433,0.2981,0.3586,-0.2390,-0.4041,-0.3875,-2.0000,-0.3159,-0.3157,-0.0208,-0.6743,-0.6021,-0.7188,0.7095,0.3447,-0.1433,-0.5911,0.2947,0.7207,-0.0264,-0.5100,-2.0000,-0.4863,-0.0186,-0.4568,-0.7512,-0.4050,-0.6406,0.1746,-0.3457,-0.5942,-0.4497,-0.0295,-0.5183,-0.6094,-0.4465,0.7935,-0.4299,-0.6580,-0.8809,-1.5164,-2.0000,-1.8547,0.1636,0.1111,-1.7817,-0.3311,-0.6167,0.0083,-1.3938,-1.5845,-0.2681,-0.0525,-0.4082,-0.7319,-0.2256,0.2351,-1.9888,-0.4521,-0.5195,-2.0000,-0.1709,0.4546,-0.4255,-0.8198,-0.3916,0.8259,-0.4358,-0.7498,-1.7427,-0.6692,-1.1045,-0.5288,-0.2085,-1.2354,-0.2476,-0.4297,-1.5310,-1.3989,-0.0432,-0.0652,-0.3992,-0.6812,-0.7397,-1.3840,0.6948,-0.0562,-1.7075,-0.8799,-1.0769,-1.2246,-0.2896,0.1375,-0.5186,0.1550,-1.0071,-1.9150,0.2756,-0.3877,-0.0691,0.4985,-0.7842,-0.7759
0.3457,-1.2607,-2.0000,-0.3423,-0.1182,-0.1594,-0.0864,0.0098,-1.2715,0.2625,0.0530,-1.9028,-1.0100,-1.4360,-1.4688,0.4680,-0.3025,0.6111,-0.7422,-0.9048,-1.3306,0.6875,-1.0422,-2.0000,0.7810,0.0415,-1.0559,0.1633,0.6680,0.3862,-0.1614,-0.1768,-1.5381,-0.8479,-0.9539,-2.0000,-1.1489,-1.0442,-2.0000,-0.2961,-0.6313,0.3745,0.6995,0.9971,-0.1802,0.4065,-0.4153,-1.0818,0.8533,0.3269,0.1589,-0.0522,-1.7744,-2.0000,-1.1121,-0.0513,0.4915,-0.7722,-1.0708,-1.3047,0.0625,1.1685,-1.0962,-0.2559,-0.5847,-0.5664,-0.5203,0.7380,-0.1067,0.1804,-0.5642,-1.0166,0.4116,-0.0793,-2.0000,-0.1414,-0.8584,0.5002,-1.2700,-2.0000,-2.0000,1.4189,0.5000,-1.1365,0.2727,-0.2366,-2.0000,0.1187,-0.6426,0.2056,-0.1299,0.2893,-2.0000,-0.2556,-0.2019,-0.5198,0.5042,0.5752,-1.1438,0.3264,-1.0945,-2.0000,0.1841,0.2695,-0.0369,0.3782,-0.2004,-2.0000,-0.1042,-0.5452,-0.6863,0.6313,-0.5784,-2.0000,-0.1404,0.3523,0.1558,0.0085,-0.1021,-2.0000,0.8992,0.4138,-1.0828,0.1248,-0.5505,-0.9653,-0.6619,0.2478,0.4072,0.0601,-0.4783,-0.2180,-0.2058,-0.6243,-1.4756,-1.1040,-0.9578,-0.5034,-0.7522,-0.0620,-0.6995,0.1343,0.8452,-0.6338,0.1790,0.2056,-0.8691,-0.0359,-0.1187,-0.2083,0.2312,0.7673,-1.0486,-0.2803,-1.1191,0.0574,0.4343,-0.8416,-1.0247,0.2397,0.5049,-0.9495,0.8887,-1.3750,-2.0000,0.3726,0.5632,-0.1953,0.5437,-0.7600,-2.0000,-0.7627,-0.4121,0.3315,1.1421,-0.1797,-2.0000,-0.5110,-0.5273,-1.2947,-0.6992,-0.1567,0.3496,-0.1689,-0.6917,0.2083,1.9999,-1.8193,-2.0000,-0.3755,-1.3599,-0.8132
0.0962,-0.3313,-2.0000,0.2568,-0.0081,-0.4070,-0.4131,-0.7839,0.8225,0.4819,0.6453,-0.5515,0.4473,-0.7439,-1.6873,1.3123,0.1045,-2.0000,-0.9170,0.8428,1.2878,0.3745,-1.1770,-1.6350,0.5481,0.0891,-0.6785,0.5913,0.2139,-0.3882,-0.3711,-0.8201,-2.0000,0.1038,-0.6389,-1.0510,-0.5911,-0.5190,-0.2778,0.0330,-0.8633,-2.0000,0.2698,0.0728,-1.0603,0.3386,-0.0496,-1.6865,-0.8542,-0.3755,-0.1479,-0.2812,0.7666,-1.4333,0.6260,0.0564,-1.1355,-0.3025,-0.8240,-0.0137,-0.7163,0.6670,-0.7312,0.2866,-0.5142,-0.6418,-0.2954,-0.6575,-1.3779,-0.1611,-0.0750,-1.6306,0.3711,0.3313,-1.6860,0.1365,-0.7307,-1.4675,0.4114,-1.0676,-1.1433,0.0806,-0.3423,-0.6089,1.6172,-0.4250,-2.0000,0.0061,0.5305,-0.6804,0.7131,-0.1687,-1.8022,-0.1033,-0.7944,-1.3210,-0.9893,-0.9375,0.3401,0.9827,-0.7358,-2.0000,0.0208,-0.5085,-0.4949,1.9999,0.5642,-2.0000,-0.3828,0.4783,1.0574,-1.0095,-0.4863,0.8110,0.9346,-0.8674,-2.0000,0.3235,-0.3923,-0.6077,-2.0000,-1.6423,0.2446,0.3718,-0.4209,-0.4216,-0.3091,-0.4497,0.1904,-0.3586,1.4087,-2.0000,0.5051,-0.3889,-0.7595,-0.0183,0.0962,-0.5669,-1.0762,-1.2810,-0.0984,-0.9055,0.2329,0.4285,-0.5950,-0.5405,0.0588,0.1042,0.7107,-0.3423,0.7769,0.9634,-0.7620,1.1987,0.3164,-2.0000,-0.3103,0.0803,-0.3279,-0.7732,0.4705,-0.4797,-0.0840,0.3198,-1.3904,0.0342,-0.2883,-0.0452,-0.5537,0.2632,0.6565,-0.7957,0.8306,0.7544,0.1240,0.1350,0.1169,-0.8325,0.3118,-1.3645,0.1719,0.1584,-0.1489,0.5801,-0.2634,-2.0000,0.1309,-1.0083,-0.0940,-0.2859,-0.0627,-1.7266
-1.7444,0.2019,-0.1924,1.8889,-0.4988,-2.0000,0.2556,-0.1528,-0.5195,0.2793,-0.2798,-1.3762,-0.4355,-0.3960,-0.7004,0.3103,-0.7966,0.0657,-0.1570,-1.2996,-0.5620,-1.1162,-2.0000,-2.0000,-0.1555,-0.1914,0.1235,0.7056,-0.1384,-0.4700,0.0620,0.4507,-0.8965,0.2729,-0.2551,-0.6565,-1.4670,-1.0938,-0.3757,-0.7612,-0.0959,0.7078,0.0256,-1.0676,-0.4524,-0.7092,-0.9224,-2.0000,0.1714,-0.9395,-1.3577,1.9999,1.9999,-1.5676,0.4678,-1.3047,-2.0000,-0.2034,-1.1213,-1.1045,-1.7112,1.3618,0.7498,0.6819,-0.4272,-1.1841,1.7681,-1.3484,-1.8352,0.1172,-0.8201,-0.8259,-0.9666,0.5020,0.7078,-0.4583,-0.8467,-0.5256,-1.1167,-1.0217,-1.0850,1.5825,0.3647,-1.4426,-1.8306,-2.0000,-2.0000,0.5022,1.2061,-0.6399,-0.6147,-0.3191,0.9924,0.1909,0.3489,0.1953,1.3555,0.2876,-2.0000,0.0591,-0.0415,0.8862,-0.5432,-0.5481,0.6570,0.6372,-0.5288,-0.7546,-0.1982,-0.9861,-1.0837,-0.5964,-0.2747,-0.3789,0.3171,1.0232,1.0237,-0.1155,-0.1465,-0.9146,-0.4246,0.4441,-0.4211,-0.5156,-0.5793,-0.2678,-0.4973,-1.1765,-0.8560,-1.6003,-0.0449,-2.0000,0.6958,0.0522,-1.8850,0.0930,-0.6287,-1.1221,0.3633,0.2075,-1.1775,-1.0154,-1.5522,-1.7639,1.0222,0.3142,-1.3726,0.4849,0.0149,-0.6177,-0.5486,-0.0620,-0.6814,0.1824,-0.6172,-0.4597,0.3596,0.5776,-1.6675,-1.1235,-1.6460,-0.2888,0.4553,-1.4343,-1.8540,-0.2559,-0.5652,-2.0000,-0.2563,-0.1650,-1.3335,0.8218,0.8113,-0.4053,0.8882,-0.5767,0.2507,1.1516,0.4106,-0.4795,1.1492,1.1267,-1.5764,-0.2417,-0.8198,-2.0000,-0.0481,-1.4509,-0.2141,0.1504,-0.4534,-0.8589
-0.2488,-0.1357,0.0056,0.7729,-0.1609,-1.5481,-0.4729,-0.9937,-1.0059,0.2903,-1.2932,-1.2959,0.1340,-0.7908,-0.8418,-0.8074,-1.1160,-0.1406,-0.1799,-0.6284,-0.2595,-0.3289,0.5264,0.1604,0.2485,1.3757,-0.6628,0.9963,-0.4707,-2.0000,-1.3633,0.3118,-0.8774,-0.4932,0.0369,-0.3291,1.0869,-2.0000,-2.0000,-0.0205,-0.0662,-0.9141,0.6003,-0.2615,-1.2693,-0.4199,-0.3088,-1.5208,-0.3262,-0.4238,-0.6943,-1.3057,0.4275,-0.4670,-0.0554,-0.6343,-0.4714,-0.9683,0.7048,1.0352,0.6694,-0.1943,-1.8379,0.3293,1.1907,-0.3484,0.2344,0.4495,-0.9258,0.8855,0.7209,-2.0000,0.0068,0.4312,0.8833,-0.0688,-0.5789,0.5322,-1.1458,-0.5037,-0.0647,0.2588,0.6042,-1.1089,0.3469,-0.4053,-0.4656,-0.4875,-0.5061,-1.7900,-0.4302,-0.4739,-0.3896,-0.4539,0.5410,1.5916,0.0818,-0.2742,-0.1619,-0.8491,-1.1550,-1.2856,-0.5767,-0.2686,0.0837,-2.0000,-1.1533,-1.0334,-1.3586,-1.2285,1.4216,0.6184,0.4158,-0.2991,1.0513,0.4817,-1.8135,0.6199,0.1228,-0.2642,0.2581,-0.4707,-0.1311,-0.3926,0.2490,-2.0000,1.9999,0.9597,-2.0000,-0.7534,-0.2947,-2.0000,0.8438,-0.1519,-0.5042,0.1038,-1.5996,-2.0000,-0.5811,1.9999,-2.0000,0.1335,-0.0308,0.0146,-0.2927,-0.0776,-1.6453,0.4934,0.4075,0.0740,-0.3931,-1.0461,0.1519,0.4529,-0.0244,-0.7688,-0.1509,0.2341,-0.4402,0.9622,-0.5508,-2.0000,-0.1997,-1.5681,-0.5251,-0.3464,-0.4846,-0.9409,0.7102,0.1230,-1.4512,0.0232,0.4602,-0.4097,0.2725,0.6055,-0.5723,-1.3369,-1.6726,-1.4060,0.1631,-0.4692,-2.0000,0.1262,-0.4028,-0.6172,0.7012,0.3418,-1.2483,1.3079,-0.1423,-1.0664
-0.6323,-0.5437,-0.7141,-0.6482,-0.2871,-0.1279,-0.1646,0.0552,-0.8940,0.2620,-1.3923,-2.0000,-0.5791,-0.5034,0.5676,-1.0239,-0.1980,1.0886,-0.5854,-0.5583,0.0940,0.6079,0.2952,-0.3840,0.3818,-0.6863,-2.0000,0.1477,-1.2864,0.4805,0.3750,-0.2510,-1.5996,-0.9316,0.4697,-1.0315,0.9290,-0.5688,-0.7471,0.7905,1.0984,-1.6379,-0.5393,-1.3403,-2.0000,-2.0000,0.3167,-0.9985,0.6538,0.1392,0.6814,-1.8652,-0.3066,-1.5913,-0.1328,-0.9729,-2.0000,-1.4514,-0.9954,-2.0000,0.3616,0.2444,-0.4131,0.0562,-0.3545,-0.4041,-0.0420,-0.8083,-2.0000,0.1189,0.1123,-1.2678,0.3889,-0.7273,0.4460,-0.7078,-0.0051,-0.0457,0.4355,-1.0200,-2.0000,0.2146,0.1655,-2.0000,0.4746,0.9646,-1.1309,0.6467,0.6990,-2.0000,-0.8462,-0.8096,-0.1060,-0.3408,0.0747,0.2317,-0.1748,-0.3699,-2.0000,0.2683,0.5220,-1.9854,0.1299,-0.1487,-1.3428,0.6914,-0.1506,-1.0215,0.0510,0.7773,-0.5256,-0.6616,-0.7310,-0.5876,-0.8647,0.4077,0.5728,-0.1714,-1.5146,-2.0000,-0.8691,-1.1123,0.1594,-0.0903,0.5925,-0.3098,0.7922,-1.2815,-2.0000,-0.2478,0.1982,-0.0466,-0.0676,-0.1418,-0.7966,-0.3259,-0.0486,-0.3494,-1.2947,0.0090,1.3113,0.3782,-0.0691,-0.9971,0.6990,0.0496,-1.5481,1.1770,-0.5288,-1.3845,-0.0083,-0.1611,0.1511,-0.6660,-0.3462,-0.6072,-0.4365,0.5513,-0.4768,1.8325,0.4412,-1.9651,0.7725,-0.3677,1.7629,0.8335,-0.5044,-1.2542,0.0720,-0.1104,-1.2605,0.3796,-0.1531,-1.0576,0.1477,0.0422,-0.5303,-0.0896,-0.1030,0.8369,0.1445,-0.6270,1.7419,-0.4878,-0.2734,-1.2612,-0.0928,-0.0647,0.6721,-0.3120,-0.0049,-2.0000
0.8591,-0.2175,-1.8750,-0.5024,-0.2939,0.1277,0.5911,-0.0266,-1.2812,-1.0215,0.8052,0.4885,0.6479,-0.4744,-2.0000,-0.5981,0.0879,1.9999,0.4534,-0.1687,-0.4932,-0.6187,-1.4832,-2.0000,0.2883,-0.5171,-0.9487,-2.0000,0.0430,1.4836,-1.3760,0.4255,0.3459,0.0833,-0.1653,-0.8994,-0.3547,-0.1997,-1.0198,-0.0571,-0.0994,-0.1631,-1.9338,-2.0000,-2.0000,-0.2456,-0.0110,-0.2524,-1.3079,-0.3606,0.2085,-0.0425,-0.2087,0.1328,0.0815,-0.3230,-0.1885,-0.5559,0.3147,-1.2212,-1.0073,-0.3801,-0.9922,0.7424,1.3083,-1.2610,0.0532,-1.4807,-2.0000,-0.6943,-1.0483,0.2358,-0.8547,-0.4690,0.5383,-0.0112,-0.5322,-0.8394,1.0432,0.4529,-0.4250,1.4604,-1.3359,-2.0000,-0.0020,-0.5078,0.3835,0.5566,-0.7344,-2.0000,1.0369,0.0127,-2.0000,-0.3477,-0.3169,-0.0327,-0.1138,0.1594,-0.2942,-0.2112,-0.4438,-1.0376,0.6909,-0.5305,-0.5244,0.8542,-0.9097,-2.0000,1.1501,-0.1565,-2.0000,-0.2798,-0.7925,-2.0000,0.1504,0.0603,-1.0068,-0.1328,-0.3801,-0.0615,-0.6851,0.9788,0.2407,0.2446,-0.4167,-2.0000,-0.0857,-0.0625,0.2795,-0.3628,-0.2117,-2.0000,-0.0828,0.1738,-1.3342,-0.2622,-0.4292,-1.5742,-0.6494,-0.3503,-1.6824,-1.0671,-1.2607,1.9999,-0.3315,-0.9167,-0.9636,0.5652,-1.3220,-1.2119,0.2185,-0.7031,-1.6743,-1.3289,-0.2849,0.2495,0.0288,0.5242,-0.6670,-0.2136,-0.4724,-1.1179,-0.1404,0.2065,-2.0000,-0.5347,-0.1799,0.4724,0.6101,-0.2559,-1.4294,1.0237,-0.1150,-1.0811,-0.0828,1.1768,-0.9907,0.3999,0.5977,-1.1846,-0.1470,-1.6394,-2.0000,-0.1765,-0.4944,-0.2620,0.3896,-0.3833,-2.0000,-1.4138,-1.3345,-0.4260
0.2969,0.6689,-0.6846,0.6252,-0.1702,-0.1042,0.0852,-0.0847,-1.4177,-0.1616,-0.4136,-0.7322,0.1675,0.5425,-0.7781,-1.4875,-0.4348,1.5867,-0.3853,-1.4038,-1.1370,-0.4094,0.3325,-1.8972,-0.5105,0.6533,0.2578,-0.0938,-0.9194,-0.8159,-0.1462,-0.9980,-0.9805,-1.2092,-1.0701,0.2065,-0.3901,0.6992,-1.8142,0.6909,-0.0432,-1.3096,-0.0249,0.4302,-0.0784,0.9778,-0.1079,-1.9316,-0.5334,-1.9390,-1.9150,1.8857,0.2681,-1.3916,0.0073,0.8711,-1.5076,-1.9221,-0.7791,-1.4128,0.0154,0.1636,0.2429,-0.1921,-0.7446,-1.3621,-0.4482,-0.5747,0.7512,0.7329,-1.7471,-2.0000,0.3357,-0.1562,0.1189,-1.1711,-0.3291,-0.6416,-0.1575,-0.9617,-2.0000,-0.6638,-0.1521,-1.6633,0.4490,0.4390,-1.3440,0.6079,-1.1521,-2.0000,-0.8123,-1.6018,-1.4463,-0.2139,-0.0403,-0.2205,-1.5295,-0.8274,-0.5217,-0.1335,0.5273,0.5217,1.6765,-0.2668,-1.5010,0.9839,0.3352,-1.9695,0.9143,0.3489,-2.0000,-0.2866,-0.5874,-2.0000,-0.6873,0.1030,-0.7849,-0.1045,0.1560,-1.7607,-0.6606,-0.2122,-0.7180,-0.2295,0.0398,-0.7400,-0.5078,0.6663,-0.1726,0.7507,0.1479,-0.2429,0.2234,0.4451,-0.2473,1.2300,-0.4265,-2.0000,-1.0994,0.0352,-0.0735,-0.6045,-0.2312,-1.8120,0.3174,-0.3743,-0.5339,-0.9656,-1.0293,-0.5596,0.1921,-1.9607,-2.0000,0.9731,1.1868,-2.0000,1.0044,0.8809,-1.4653,0.7842,-0.3022,-2.0000,-0.2087,-0.1592,-0.2917,0.5046,0.5061,-0.5391,0.5991,-0.7878,-1.8135,-0.2607,-0.0554,-2.0000,-1.4419,-0.8020,-0.3020,0.1353,0.0862,-0.4636,0.1248,0.1755,-1.0925,0.3308,-0.4902,-0.6111,-0.2197,-0.6987,-1.5964,1.0347,-0.4885,-0.0579
-0.7407,-0.3206,-0.0088,0.0251,0.5181,-0.9973,0.0913,-0.6707,-1.3555,-0.8967,-0.2341,1.4827,-0.0674,-0.1528,0.1228,0.1599,-0.3506,0.0894,-0.0496,-0.6187,0.2720,-1.7329,0.4065,-2.0000,0.6528,0.4412,0.2158,0.5398,-0.3054,-0.5125,0.2402,-0.1362,-0.9695,0.2009,0.0496,-1.3730,0.3994,0.9143,-2.0000,0.6899,0.2393,-0.6597,-0.0117,-0.4128,-1.6624,0.6997,-0.8936,-2.0000,-0.0222,0.2153,-1.5469,-0.8992,-0.0547,1.1382,0.8157,-0.0762,-0.4443,-1.4644,-0.9194,-0.0510,0.3389,0.3169,-1.5801,0.1130,1.4060,-1.0493,0.3518,0.2693,-1.0898,1.2080,1.0156,-2.0000,0.6555,-0.7693,-2.0000,1.3843,-0.9583,-2.0000,-0.6760,0.2781,-0.1616,0.3518,0.5115,-1.5745,-0.0547,-0.0591,-1.7146,-0.0322,-0.5781,-0.9932,-0.8916,0.3860,-0.1516,-0.6147,-0.3232,-0.5681,-1.4229,-1.1655,-0.7585,-0.5068,-1.6060,-1.0225,-0.6240,-0.7761,-1.3083,-0.3989,0.0798,-0.6133,-0.2510,-0.1826,-0.8225,0.0002,0.3232,-0.4248,-0.6421,-0.7744,-2.0000,0.3049,-0.2241,-0.0662,-0.9558,0.7422,-1.9290,0.1013,-0.0469,-0.4614,-0.1846,0.2778,-1.4155,1.5195,-0.3838,0.2825,1.5205,-1.0034,-2.0000,0.1179,-0.6543,0.9324,-0.5251,-1.0889,-1.7825,0.5627,-0.1953,-1.1838,-0.5591,-0.2908,-0.6584,-0.5911,0.3240,0.6687,0.0615,-1.0596,-1.3904,0.8740,-0.0183,-2.0000,0.5500,-0.6357,-2.0000,0.3091,0.5776,-0.2607,0.2603,-0.0977,-1.4436,-0.4802,-1.1980,-1.3589,0.1260,0.4458,0.2451,-0.6045,-0.6196,-1.8042,0.0869,-0.4653,-0.5164,0.3567,0.5881,-0.9607,0.4827,-0.3892,-1.6211,0.1030,-0.1409,-2.0000,-2.0000,-2.0000,-0.3179,0.5417,0.2959,-0.8899
-0.5212,0.1235,-0.5972,0.0730,0.5481,-0.3584,0.0078,0.0212,0.2473,-0.1123,-0.6257,-2.0000,0.4939,-0.0828,-0.5166,0.0864,-0.5305,-0.5471,-0.2090,0.3318,-1.5461,0.2729,-0.1907,-0.8779,-0.4773,-1.1860,-1.2351,0.9934,-0.4226,-2.0000,0.4854,-0.0164,-2.0000,0.1357,-0.0498,-0.5991,-0.0112,-0.0554,-0.3586,0.0620,0.2991,-0.8259,-0.3120,0.1426,0.0830,0.4458,0.0803,-1.0984,0.5063,-0.4893,-0.4771,0.4106,0.1196,-0.5830,0.0999,0.7117,-0.9307,0.3059,-0.1338,-0.5962,-0.4846,-0.8191,-1.0923,0.7146,0.5413,-1.6287,0.0989,-0.6658,-2.0000,0.0061,0.1997,0.3025,1.5527,0.0339,-2.0000,-0.2522,-0.8184,-0.1289,-0.0557,0.4182,-0.7542,-0.1443,0.2710,-0.0657,0.1453,0.4541,-2.0000,1.2092,-1.0576,-0.9475,0.8511,-1.0281,-0.4402,-0.6189,0.5901,-1.2246,0.4343,-0.0369,-2.0000,-0.0315,-0.3923,0.3816,1.4041,-1.3066,-2.0000,-0.9541,-0.1504,-1.0308,0.0684,-1.0637,-2.0000,-0.3796,-0.5081,-0.4602,-0.2109,-0.9023,-0.8474,-0.6809,0.1951,1.5947,-2.0000,-0.9912,0.5916,0.6843,1.2283,0.4609,0.1880,-1.5142,0.2554,0.0164,-0.7188,-2.0000,-0.3145,-0.7588,0.7056,0.8159,-0.9634,-2.0000,0.4585,0.0422,-0.3799,-0.9299,-0.3665,1.0186,-0.2378,0.4355,-0.3069,0.2688,-0.0212,-0.8088,-0.2900,0.4673,-0.4531,0.7034,-0.0432,-1.7009,-0.1968,0.0676,-0.3352,0.3059,-0.2661,-0.5803,-0.0310,0.2297,0.4844,-0.4658,-0.0701,0.7502,0.3413,-0.8979,-1.9014,0.2659,-0.6858,-1.7832,1.0100,-0.6243,-2.0000,1.0195,0.4072,-2.0000,-0.7344,0.3259,-0.4055,0.4543,0.1189,-1.0715,0.1113,-0.5330,-1.1211,1.3452,-1.0237,-1.5713
-0.4749,-0.0415,0.5591,1.0413,0.7942,0.2676,1.1719,-0.9192,-2.0000,-0.3145,-0.2695,-0.0986,0.9658,-0.4163,-1.1023,0.1201,-0.1172,-0.9739,0.3298,0.2466,-0.5935,0.1978,-0.3833,-1.2241,1.1155,0.8289,-2.0000,-0.3499,-0.0906,-1.3472,-0.3032,-0.1885,0.0776,-0.6570,0.0732,-2.0000,0.4202,0.1411,0.2708,1.0327,0.0679,-0.5583,0.5364,0.2207,-1.8259,-0.2607,-0.5830,0.6394,0.6035,-0.0833,-1.1428,0.8132,0.5815,-1.5276,-0.1597,-0.5466,-1.2788,0.4988,-0.2771,-0.4653,0.0562,-0.3572,-2.0000,0.9758,-0.1584,-1.8909,-0.1182,-0.4045,-1.9622,0.2480,-0.0681,-0.7947,0.3435,-0.5300,-1.1438,0.0886,-0.7537,-1.1287,-0.2546,-0.1895,0.3682,-0.3247,-0.3647,-0.6157,-0.6155,0.2705,-0.2185,0.0391,-0.5698,-1.1194,-0.8479,-0.2090,-0.5962,-0.2974,-0.1106,-0.8354,0.4153,-0.1855,-0.5337,0.6731,-0.0964,-0.1572,0.2175,0.4392,0.0247,0.6016,-0.2346,0.0559,-0.0776,-0.1433,-2.0000,-0.4268,0.0154,-0.8494,-0.0740,-0.4448,-0.1782,0.4583,-0.4421,0.4080,0.1252,-0.7749,-1.2410,0.2336,0.1292,0.0972,0.4556,-0.3806,0.2253,0.1980,-0.2668,-1.5488,-0.1458,-0.5544,0.2683,0.2771,-0.0144,-1.1953,0.0442,0.2153,-0.1641,0.5950,-1.1719,-2.0000,-0.2236,0.1594,-0.3975,0.3833,0.3137,-1.2373,0.2046,-0.2756,-2.0000,-0.4673,0.9268,-1.2046,0.2949,-1.4529,-2.0000,-1.2515,0.5544,0.0549,0.1323,-0.6045,-2.0000,-0.0200,-0.3574,0.0986,-0.0657,-0.4180,-0.7170,-0.3716,0.1768,0.1086,-0.0081,-0.5828,-2.0000,-0.3601,-0.6367,-0.3147,0.5061,-0.5408,-0.7219,0.6392,-0.8362,-1.4468,-0.4380,-0.3489,-0.7571,-0.2419,0.4707,0.1328
0.3110,-0.1653,-0.4636,0.5505,-0.9827,-1.3721,0.0400,-0.3167,-0.3020,0.1079,-0.4563,-2.0000,-0.3118,-0.5640,-0.9763,-0.1726,1.0283,-1.2986,0.4714,0.1389,-0.2766,-0.0854,-0.0254,-0.9111,0.1687,0.3049,-1.2561,-0.1089,0.4180,0.5964,0.3193,0.0872,-0.1174,0.8906,-0.2441,-1.7375,0.2466,-0.0515,-0.2617,-0.6384,-0.3948,-0.5483,0.2844,0.8928,-0.2534,-0.1099,-0.2085,0.2312,0.5168,-0.6973,-0.3982,0.2231,0.1865,-0.6038,0.4551,-0.9685,-2.0000,-0.2378,0.3035,0.0850,-1.5383,0.2720,-0.3035,0.8132,-1.2773,-2.0000,0.5110,-0.1233,-0.9058,-0.7871,-0.4341,0.3647,0.2559,-0.6587,-1.9531,0.0906,-0.4709,-0.7354,-0.8215,-1.2632,0.9675,0.0344,-0.6055,-0.5518,-0.6084,0.0850,-0.8391,0.1074,-0.4399,-1.4036,-0.0276,-0.3208,0.0322,-0.1079,-0.2576,-2.0000,1.2046,-0.2524,-1.6431,-0.0713,0.1970,-0.7986,0.3494,-0.2976,-1.3560,0.3042,-0.2678,-1.2883,0.2859,0.4058,-2.0000,-0.6313,-0.0264,-0.3777,0.2644,0.2424,-0.3655,0.2954,0.1155,0.2241,0.7095,-0.0667,-1.3293,-0.0845,-0.4883,-0.2266,0.3181,-0.3259,-0.7205,-0.1548,0.3359,-1.2695,0.1306,0.2297,-0.2407,-0.0310,0.4639,-0.7065,-0.2310,-0.4194,-0.5042,0.3481,-0.4443,-1.1533,0.6243,0.2634,-0.3018,-0.6138,0.1797,0.0620,0.0215,0.0605,-1.5076,-0.2566,-0.9431,-0.5862,-0.2578,-0.0464,-0.6064,-0.5959,-0.8667,-1.4944,-0.1689,0.5691,0.3186,0.5598,-0.1125,-0.4385,-0.4048,-0.7781,-1.4287,0.6636,-0.0962,-0.9565,-0.4526,-1.5425,-2.0000,-0.2322,1.2097,-0.3362,-0.8943,-1.6514,-2.0000,0.0413,-0.8252,-0.0059,-1.3708,-0.0916,-0.0623,-0.5310,-0.2004,0.2014
0.2766,0.5381,-1.1946,-0.9106,-0.1350,-1.1042,0.3413,-0.3911,-0.4126,-1.0684,1.3992,1.8247,0.1326,-1.1521,-2.0000,0.0315,0.6204,-0.8669,-0.8845,-0.8618,-1.1975,-0.4915,0.1970,-0.4158,0.2695,-1.6760,-1.4343,-0.6204,-0.1714,0.2253,0.6653,0.4958,-1.4172,0.2468,0.0220,-0.6006,-0.0349,0.1030,-2.0000,-0.0691,-0.2268,-0.8306,-0.2729,-0.6543,-1.4084,-0.0125,0.3821,-1.6348,0.0405,-0.6594,-1.0486,-0.4167,-1.3430,-2.0000,-0.6497,0.3289,-1.1240,0.0195,-0.2917,-0.6919,-0.0864,-0.8428,-0.8708,0.6758,-0.6946,-1.8567,0.0681,-0.2319,-2.0000,-0.3904,0.4380,-0.8486,0.2676,-0.0168,-0.3760,1.4319,0.3567,-0.6860,-1.2209,-0.2473,0.3782,0.0312,0.0627,-1.2371,-0.2600,1.0881,-0.2288,0.2170,0.0754,-1.1597,0.7217,0.0630,-2.0000,-0.6062,-1.1858,-2.0000,0.3013,0.2781,-2.0000,0.7419,-0.6416,-2.0000,0.1282,0.7964,0.7700,-2.0000,-2.0000,0.5764,1.0635,0.3606,-2.0000,-1.6782,-1.4873,-1.8118,1.8308,1.5818,-1.5105,-0.6445,-0.0920,0.4363,0.3450,0.1389,-1.3401,-0.0669,0.0796,-0.2476,-1.0884,-0.9116,-0.2292,-1.6323,-1.3899,-2.0000,-0.1675,-0.2390,-0.2798,0.3909,0.7312,-0.6313,0.1738,-0.8923,-2.0000,0.1921,-1.0847,-1.2295,0.4714,0.7607,-0.9321,0.1118,-0.0649,-0.5608,-1.7188,-1.1765,-0.7876,0.3926,0.0288,-1.5669,0.9385,0.2722,-1.0061,1.4519,0.1663,-2.0000,0.3149,1.0603,0.0774,-0.6460,-0.5393,0.1138,1.2876,0.0369,-1.7505,0.2773,-1.9404,-2.0000,0.1284,0.1606,-0.9810,-0.2598,-0.4724,-2.0000,-0.2358,-0.5137,-0.4604,-0.0378,0.0010,0.0803,0.2432,-0.0999,-1.1045,-0.6350,-0.0811,-1.3467
-0.1704,-1.5518,-0.5037,0.3420,-0.0010,-0.7024,-0.0242,-0.3328,-1.4238,-0.8711,0.3271,0.5383,0.2402,-0.3752,-0.6868,-0.3198,-1.0850,-1.4246,-0.2458,0.6252,-1.4851,0.8862,-0.2979,0.6912,-0.3813,-0.5967,-2.0000,1.3318,-0.3188,-2.0000,-0.8210,-0.5754,-1.6653,-0.2583,0.3030,-1.4697,0.8076,-0.4980,-2.0000,-0.4729,-0.3987,-0.8882,0.8621,0.1692,-2.0000,-0.7683,0.2498,1.1575,0.5664,0.0481,-0.9062,-1.6914,0.0586,1.1167,-0.5586,-0.9248,-0.2700,-1.0493,0.6472,0.4102,-0.8267,-1.5740,-2.0000,0.5808,-0.0347,-0.3369,-0.0625,0.0183,-0.4531,0.1846,-1.2505,-2.0000,-0.1675,0.0645,-0.3152,0.1428,-0.3533,-0.6167,0.0425,0.1719,-0.7212,0.3057,0.1316,-1.9688,1.0325,1.7295,-0.7053,-0.1636,-0.2783,-0.5574,-0.8152,0.8525,1.8030,0.6951,-0.3960,0.2891,0.8728,1.9636,-2.0000,-0.7263,-0.6331,-1.3064,-0.0854,0.1389,0.6145,-0.4180,-0.9395,0.2561,0.7490,-0.6875,-1.5513,-0.2449,-0.7524,-1.2896,0.4836,0.0063,-1.4810,-0.4282,-0.9529,-0.5508,-1.4907,0.3608,0.8660,-2.0000,-2.0000,0.2024,0.0491,0.5208,0.6707,0.8926,0.0557,0.1165,0.5432,-0.3997,0.1875,-2.0000,-0.8718,-0.3560,-0.4150,1.3928,-0.0991,-0.5027,0.0488,0.1082,1.8176,-0.2427,-2.0000,0.0415,0.5005,-1.2693,-0.8726,1.3040,-0.9216,0.3669,-1.3960,-2.0000,-0.4331,0.1577,0.1631,-0.9736,-1.4548,-2.0000,0.3572,-0.5996,0.0471,0.2109,-1.3303,-2.0000,-0.1318,0.5178,-0.8237,-0.1604,-0.8289,-1.0867,1.6448,0.1707,-2.0000,-0.1052,-0.8833,0.1558,-1.0757,-1.1704,-1.2937,0.7581,1.2761,-1.8923,0.6143,0.3740,-0.2080,0.5586,0.5232,-2.0000
-0.0732,-0.8401,-0.4419,-1.3359,-0.7266,-0.8699,-1.2034,-0.0552,1.9999,-0.9417,-0.9902,-0.0093,-1.7424,0.4399,-2.0000,0.0417,0.6265,0.1567,0.3125,-0.1155,-2.0000,-0.3403,-0.0425,1.5801,1.0608,0.9497,-1.2339,-0.6650,-0.0137,-0.5537,0.8230,-0.3770,0.2856,-0.2336,-1.1221,-0.4768,-1.4866,-0.8743,0.4963,-0.3574,1.8672,0.2307,0.0066,-0.2227,-0.9788,-1.0129,-2.0000,-2.0000,1.1406,0.3074,-0.6697,1.1643,-0.0784,-0.7852,0.1099,0.0261,-0.6223,-0.6802,1.1704,0.0667,-0.1213,0.2454,-1.2683,0.2344,0.5251,-0.5679,-0.9443,-0.1924,0.1084,0.8093,-0.0276,-2.0000,0.2590,0.2227,-1.1169,0.2742,0.4861,-0.5168,-0.0847,-2.0000,-2.0000,0.2627,0.1948,0.6455,0.2375,-0.2405,-2.0000,-0.4939,-0.8162,-0.3330,-0.6248,-1.0906,-2.0000,0.4861,-0.2217,-0.1843,0.6536,0.3162,-0.4128,0.8467,-1.1519,-2.0000,-0.0415,-0.1155,0.3545,-0.2903,-0.0134,-0.7571,1.4363,0.2336,-1.1023,0.0076,-0.5613,-1.0925,0.0881,-0.5872,-2.0000,-1.0742,-2.0000,-1.5220,1.0256,-0.6003,-1.6455,-1.5266,-0.7776,-0.5303,0.2546,-0.3735,-0.8538,-0.3635,-1.4570,-1.7007,-0.2549,-0.3096,-1.3440,0.6052,-0.0264,-0.7214,-0.4143,-0.9116,-1.8193,1.2166,-0.0381,-1.3889,-0.1699,0.8223,-1.3330,-0.2314,-0.6074,-0.3235,0.8435,-0.2329,-1.2427,-2.0000,-2.0000,-1.4734,-0.0427,-0.4934,-1.6987,-0.2979,-0.0911,0.3621,-0.1882,-1.5010,-1.4685,-1.6523,0.8643,-0.9067,-0.2976,-0.0559,0.2759,-0.8242,-0.5425,0.2505,0.5312,-0.6201,0.0112,-0.7029,-2.0000,-2.0000,-1.3643,-0.2417,-1.3474,1.1406,-0.3335,-2.0000,-1.6621,-1.2683,0.9189,0.2878,0.4497,-1.2231
-0.2803,-0.2407,-1.7244,-0.0549,0.2896,-0.5596,-0.5920,-0.5212,-0.7913,0.4629,0.3328,-1.7136,-0.0859,-1.4309,-1.6194,-0.1106,0.0781,-0.3254,-1.1914,-0.8674,-1.0684,-0.9834,-0.8391,-1.4270,0.9099,1.8118,-2.0000,0.0410,-0.8220,-1.6316,-0.8721,-0.3516,-0.8228,0.1804,-0.9048,-1.3396,-0.1885,1.0515,-1.0647,-0.4204,-0.0999,-1.0557,-0.8110,-2.0000,-2.0000,-1.5356,0.1736,0.4871,-0.4653,-1.7156,-2.0000,-0.9736,0.3186,0.9644,0.0210,-0.5776,-0.5642,0.3691,0.3901,0.0342,0.6433,0.2942,-0.5908,0.5427,0.3811,-2.0000,0.6289,0.5654,-1.6768,-1.0950,-0.7866,-0.5820,-0.0676,-0.0779,0.4529,-0.4021,-2.0000,-2.0000,0.3516,0.4922,-0.8289,0.3118,0.3765,-0.5469,1.0969,-0.6477,-2.0000,0.1570,-0.4226,0.3330,0.3237,-0.7607,-1.3887,-0.1521,-0.2053,-0.2000,0.8091,-0.0076,-0.4934,-0.2197,-0.1182,-0.6147,-0.4944,-0.6252,-1.5537,0.2759,0.6521,-0.8801,-0.0339,0.0203,-0.0688,0.4719,-0.7737,-2.0000,0.3435,0.0359,-1.1333,0.0820,0.6865,-0.4080,-0.3013,-1.0247,-0.6670,-1.3237,-0.9934,0.0532,-0.2129,0.1389,-0.5034,-0.1721,-0.6226,-2.0000,0.0779,-0.5122,-0.5977,-0.0747,-0.0115,-0.9163,-0.0093,-0.2354,-0.6077,0.2861,-0.4243,-0.9292,-0.5811,-0.5007,0.2490,0.7822,0.2983,-1.2009,0.4995,-0.8279,-1.2261,-0.6853,-0.4558,0.5210,-0.3958,-0.9526,-2.0000,-0.2288,-0.5139,-0.4551,0.1362,-0.7563,-0.6145,-0.0479,0.4680,1.4685,-0.3523,-0.5166,-1.0042,-2.0000,-0.4580,1.0217,0.2029,-0.2834,0.4314,0.4507,0.2700,-0.7678,-0.1782,-0.2410,-1.4431,-0.3926,-0.3540,-0.6523,-0.3472,-1.3086,-1.2290,-0.1343,-0.2668,-1.2324
1.3076,-0.6963,-2.0000,-0.6912,-0.4302,-0.3967,0.5969,0.7043,-1.4321,-0.0708,-0.2896,0.0522,-0.3452,0.5896,-0.3579,-0.2004,-0.9531,-0.6965,-0.6333,-0.3347,-1.2002,1.0315,-0.2170,0.1179,0.8342,0.9827,-1.8894,0.1377,-0.3052,-2.0000,0.7468,0.7195,-1.8083,0.2542,0.2605,-2.0000,0.3030,-0.3608,0.0889,-0.1355,0.6523,-0.7744,0.4246,-0.0950,-0.2910,-1.3728,-0.2561,0.4219,-0.0857,-0.8115,-0.9148,-1.0696,-0.3840,0.3550,0.5327,0.2097,-2.0000,-0.4236,0.3411,-0.4653,-0.4395,0.1016,-0.0210,-0.5066,0.7090,-0.2222,-1.1018,-1.3945,-0.7883,0.9102,-0.8118,-1.6101,0.9319,-1.1167,-2.0000,-0.3398,0.1221,0.4478,-0.3550,-0.4067,-0.9939,-0.4409,-0.9214,-2.0000,-0.7007,-0.3098,0.0684,1.1919,-1.4263,-2.0000,0.7373,0.8892,-0.6174,-0.1191,0.9565,-0.9939,-0.2261,-0.2246,-1.5161,0.5093,-0.3367,-0.7129,0.5745,-0.2390,-0.2627,-0.4067,-1.3455,-2.0000,-0.8462,0.0671,1.0034,0.6296,0.3740,-1.1455,-0.4746,-0.3972,-2.0000,0.6658,0.2573,0.1511,1.0388,-0.5552,-1.5547,0.1719,-0.7935,-0.8049,-0.2546,0.3936,-1.1106,-0.0837,-0.3694,-0.0569,-0.2786,-1.4871,-1.4424,0.2876,0.3093,-0.3098,0.7205,-1.4043,-2.0000,0.6040,-0.2119,-0.1792,0.8794,0.1208,-1.7947,-0.4834,-0.3384,-0.6277,-1.0540,-0.1682,-0.4133,-0.2021,-0.5112,-0.5212,-0.6770,-0.5889,-1.1658,-0.4985,-0.3440,-0.1572,-0.1199,0.0203,-0.9800,-0.0332,-0.1785,-2.0000,0.1506,-1.3850,-2.0000,-0.1790,-0.3877,-0.5747,-0.2549,-0.0576,-0.3987,-0.7520,-0.6680,0.2031,0.0679,-0.8438,-2.0000,-0.1357,-0.8811,-0.2417,0.7195,-0.0593,-0.3245,0.0879,0.1990,-2.0000
0.1077,0.4092,-1.7261,0.2397,0.5022,0.1545,0.4707,1.1560,-1.5332,-0.3323,-0.1670,-1.4189,0.0369,-0.6570,0.3528,0.0706,-0.0242,0.0913,1.0566,-0.7053,-2.0000,-0.2231,-0.4895,0.1865,-0.2766,0.2075,-1.5959,0.4419,0.3606,0.0457,-0.1040,-1.8611,-1.4275,0.0874,-0.9819,-1.5803,-0.4648,-0.2180,0.0959,-1.0295,-0.2556,1.3135,0.2256,-2.0000,-2.0000,1.9999,-1.6443,-2.0000,1.1199,-0.0220,-0.2368,0.4143,-0.5676,-2.0000,0.0989,-0.2869,-0.8579,-1.1731,-1.5105,-1.0972,-1.3643,-0.9514,1.0579,-0.0811,-0.3816,-0.6477,1.2249,0.3083,-1.4009,0.1511,0.9224,-0.6421,0.7698,-0.9104,-2.0000,-0.7021,-0.5115,-0.4734,-1.9968,-1.6182,0.8435,0.0737,1.9999,1.9268,-0.4324,-0.0381,-0.5193,-0.3445,0.4817,0.1196,-1.2766,-0.4368,-0.3926,0.5132,0.9622,-0.6799,-0.4893,-0.0283,-0.9514,0.3472,-0.7371,-0.7322,0.0911,0.3203,-0.1531,-0.1331,-0.4963,-0.8054,-0.6526,-0.0845,0.5469,0.5596,0.3555,-1.2012,0.2480,-1.0569,-2.0000,0.3613,0.0337,-0.6716,-0.2598,-0.9060,-1.7114,-0.8618,-1.0190,-1.3186,0.0168,0.7666,-0.3457,0.3928,-0.8284,-2.0000,-0.4946,0.0784,-0.4524,0.4031,0.1375,-2.0000,-1.1746,-0.6206,-0.6064,-2.0000,-0.6416,-0.8853,-0.2104,-0.4182,0.8708,-0.4497,-0.2952,1.9138,-0.2200,0.2734,-0.5840,1.3047,0.0579,-1.5005,1.0093,0.9385,-0.9434,-0.5715,1.9912,-0.3994,0.5400,0.5027,-1.2964,-0.1782,-0.8950,-1.2520,0.1038,-0.3914,-0.3474,0.4146,-1.0044,-1.7461,-0.6804,-0.6963,-0.9773,1.3638,-0.3301,-0.8691,0.1401,-1.3157,-1.8391,-0.9346,1.2878,0.5208,-0.4653,-1.0969,-1.6128,0.0999,-1.0691,-0.3706
-0.7896,-0.3899,0.0334,-0.7419,0.4495,-2.0000,-2.0000,-2.0000,-2.0000,-0.3674,-0.3723,1.1279,-2.0000,-1.4272,0.3992,0.3833,-0.1035,-1.9189,0.1057,0.4043,-1.4907,0.2617,-0.0205,-0.6113,-0.6414,-0.9285,-1.1626,-0.3767,-0.2979,0.9529,0.9619,1.2146,-2.0000,-0.4011,-0.3594,-2.0000,-0.4365,-0.5630,0.4124,1.1914,-0.4609,-0.5107,0.5010,0.7380,-2.0000,-0.4087,-0.1213,-0.2275,-0.1548,1.1570,0.5132,-0.2119,-0.4492,-0.5964,0.3481,-0.6646,0.0234,-0.5647,-0.1772,1.0557,-0.6804,-0.6772,-1.7163,-1.0137,-0.3950,-0.4619,-0.7197,-1.0444,0.7158,-1.4744,-0.7607,-0.6108,-0.2112,0.2166,-0.5186,-1.3901,-0.3845,0.0942,-0.6423,1.0815,-1.4729,-1.2688,-1.4941,-0.6770,-0.4211,-0.6902,0.0171,-0.1575,0.7712,-0.7300,0.2119,0.7988,-0.4766,-1.6292,-0.1353,1.9999,0.1604,-0.2395,-0.9460,-1.1074,-0.1111,0.6433,-0.9978,-0.6226,-0.9363,0.0952,-0.0015,-1.7461,0.5908,0.1685,0.2905,0.9236,-1.4343,-2.0000,0.6770,-0.7617,-0.0825,0.3550,-2.0000,-2.0000,-0.9658,-1.0981,1.6418,0.1787,0.3423,-0.1851,-2.0000,0.5447,-1.9177,-0.8899,-0.5784,0.3599,1.9999,-0.2957,-1.1138,0.5500,-0.5161,-2.0000,-0.4927,1.0352,-0.2007,0.1831,-0.0481,0.0522,0.6528,-1.4055,-2.0000,-0.8091,0.5566,-2.0000,-0.3948,0.6221,0.3489,0.3130,-0.0176,-0.5542,0.5488,0.2368,-1.4524,1.7698,-0.6077,-0.1450,0.1970,0.5100,-0.7227,0.5632,-0.0994,0.5537,1.9999,-1.2126,-2.0000,-0.1873,-0.6694,-0.3479,-2.0000,-1.9624,-0.0781,0.2339,-0.3977,-1.7786,0.6897,0.3320,-1.3196,0.2668,-0.2683,0.4705,-1.6382,-0.1394,0.3726,0.1294,-0.1699,-1.1106
-0.1152,-0.5125,-1.3567,0.8330,0.3655,0.2854,-0.0903,0.4482,-1.2090,-0.8013,-0.2344,-0.6226,-0.9226,-1.1040,-0.5420,0.5151,0.4895,-0.2031,0.7363,-2.0000,-2.0000,0.9089,-1.0586,-2.0000,-0.2104,-0.3601,-1.2935,0.9119,-0.2524,-2.0000,0.1729,-0.6768,-0.4614,-0.4678,0.1152,-2.0000,0.5510,0.4517,-0.1001,-0.7275,-1.6121,-2.0000,0.3049,-0.3579,0.6821,0.9160,1.3018,-1.5959,1.0151,-0.5574,-2.0000,-0.2100,-1.8933,-1.6963,-0.1926,0.5667,-0.3376,0.8525,-0.4133,-2.0000,0.2842,-0.5210,0.1709,0.1189,-0.0896,-0.3406,-0.4563,0.5022,0.8296,-0.3652,0.6270,0.4302,-0.8289,0.3550,-0.8074,0.1482,-0.8567,-0.6516,-2.0000,-1.8821,-0.9141,0.3154,-0.4644,-0.4648,-0.9187,0.3054,-1.3569,0.9338,-1.8850,-2.0000,0.0505,0.2637,-1.1809,0.7927,-0.0869,-2.0000,-0.4019,-0.7322,-0.0481,0.6614,-1.3096,-1.1067,-0.6768,-0.0244,-0.0188,-1.1455,0.1262,0.8953,0.2749,-0.2195,-1.7654,-0.2878,-1.0972,-2.0000,-0.7097,1.0332,-0.1726,-0.1624,-1.3408,-2.0000,-0.5020,-1.0417,-1.2839,0.2268,-0.6560,-2.0000,-0.8799,-0.0295,-0.5039,-0.8821,1.1543,1.8198,-1.4856,-0.1113,0.4329,-0.8560,-0.8220,1.0896,1.9999,-1.7646,-2.0000,0.0300,-1.0000,-0.5330,-1.5017,-1.1160,-0.6045,0.6216,-0.0037,-0.8921,0.0994,-1.8047,-2.0000,0.2017,-0.3882,-0.6584,0.3027,-0.1611,-2.0000,-0.6814,0.4551,-0.3406,-0.0811,-0.4058,-1.2998,0.1616,0.2639,-0.6865,1.6619,-0.4888,-2.0000,0.2605,-0.5608,-0.6189,-0.0596,-0.5090,-1.7666,-0.9175,-0.3528,0.7061,0.6064,-1.3032,-2.0000,0.2827,-0.5637,-2.0000,0.3125,-0.0398,-1.9548,1.0803,-0.3396,-0.7322
0.8342,-1.0642,-2.0000,-1.0393,1.7014,-0.1770,-0.4883,0.2109,0.2461,0.4282,-0.3574,0.5508,-0.5906,0.1716,1.4521,0.9912,0.4167,-2.0000,-0.0330,-1.2937,1.2036,-0.2473,-1.3005,-2.0000,0.9343,1.5481,-2.0000,0.6028,-0.2732,-1.4519,-0.0776,-0.7039,-0.9897,0.3401,1.1248,-1.7617,0.6921,-0.4685,-0.9023,-0.8433,-0.6687,-1.1201,-0.5366,-0.0728,-1.2463,-0.0273,0.0181,-0.9080,0.2988,0.3315,-2.0000,0.5879,0.7561,-0.0134,-0.5483,1.1060,-2.0000,-0.5322,0.1577,0.2300,-0.1104,-0.1873,-1.7192,0.1775,0.1560,-2.0000,-0.3474,-1.0972,-2.0000,-0.1216,0.6128,-1.0835,1.0591,-0.4971,-1.8564,-0.1218,0.4216,-0.0825,-1.0361,-0.5095,0.3003,-0.3650,0.3157,0.2783,-0.2971,-0.0732,-2.0000,-0.2031,-0.3784,-1.3674,-0.3762,0.4626,-0.2622,-0.6565,0.7148,-0.5994,-0.3005,-0.4167,0.1064,0.1050,-0.5354,-0.8335,-1.1067,0.0776,-1.1038,-1.0901,-0.9351,-0.6479,-0.7317,-0.6257,0.2209,0.6021,0.6760,-1.4336,0.2175,0.8225,-1.4890,-0.5483,-0.7126,-2.0000,0.0632,0.0557,-0.0681,0.9285,0.6050,-1.0393,0.4014,-0.3418,0.5740,-2.0000,0.1707,-2.0000,1.0002,-0.3867,0.1543,-0.4463,1.1362,-1.0854,-1.1353,-0.3040,-0.5266,-0.7310,-1.0447,-2.0000,0.5300,0.1182,0.4497,0.6648,-0.4834,-0.2378,0.0217,-0.6611,-1.0969,-0.5457,-0.4084,-0.5972,-0.4646,-0.5984,-0.7935,1.4780,-0.4324,0.3384,0.0781,0.8154,-0.6448,-0.2146,-0.3579,-0.0735,0.1233,0.6082,-2.0000,-0.4924,-0.2332,-1.4321,-0.1843,-1.6497,-0.9768,0.0681,-0.7197,-0.3047,-0.4846,0.6328,-0.6477,-0.8606,-0.6277,-0.0215,-0.3940,-0.4355,-1.3254,-1.1177,-1.7690,-0.6470
-0.5837,-0.9688,-0.4653,-0.5557,0.3049,-1.1057,0.2698,-0.1401,-0.5781,-1.3135,-2.0000,-2.0000,1.2310,0.1653,-1.0669,-0.3179,0.0388,0.9863,-0.2993,0.0059,-0.3442,0.7656,0.2395,-0.8176,0.2151,-0.6021,-0.3503,0.0991,-0.8303,-2.0000,-0.1343,-0.4875,0.1948,0.1448,-0.3730,-1.8748,0.3547,0.0261,-1.6409,-0.4458,-0.7556,-1.1938,0.3340,-0.5925,-2.0000,0.2773,-0.3323,-1.8032,-0.8325,-2.0000,-2.0000,0.3625,0.6042,-0.6089,-0.2573,-0.6382,-0.1162,0.1047,-0.4329,0.1924,-0.6997,0.2231,0.8669,-0.1155,-0.7314,-1.0027,0.7847,-0.1816,-0.3621,-1.8042,0.5437,-0.1462,-0.7131,-1.3291,0.5986,-0.7151,0.6001,-0.8335,0.8157,-0.5066,-1.9607,-0.7317,-0.1235,0.1628,0.0149,-0.3267,-0.2878,0.0149,-0.3267,-0.2878,-0.5205,-0.5017,-0.1365,0.2627,0.4099,-2.0000,0.1418,-0.4128,-0.2756,-0.9819,-0.3901,-2.0000,0.0444,-0.2446,-0.1218,0.1580,0.5439,0.3542,-0.3923,0.3083,0.2004,-0.4180,-0.4343,-0.0088,-0.6633,-1.8064,-0.8145,-0.8499,-0.1851,-2.0000,-0.0964,0.6033,-1.3306,-0.0007,0.0208,-1.9836,-0.6255,0.0154,-0.6538,0.0403,-0.2419,-0.4858,0.0352,-0.0547,-0.0159,-0.1895,-0.2104,-0.6760,0.4429,-0.4558,-0.6521,-1.2642,-1.0920,-0.6238,-0.4280,-1.5327,-1.8943,-0.1528,-1.0007,-0.4890,-0.2793,0.0225,-0.7048,0.2412,0.2378,-0.1326,-0.8914,-1.6553,-1.0789,-0.3008,0.1826,-1.1797,-1.3013,-2.0000,-0.6555,-0.5303,-0.6824,-0.9978,-1.7332,0.4441,0.7964,-0.2747,0.3394,0.8154,-0.1934,-0.8230,-0.7034,0.6755,-0.1873,-1.3315,0.1050,0.7651,-0.8501,0.1660,0.0146,-0.7644,-0.7954,-0.2896,1.9395,-0.3298,0.1826,-0.5549
-0.4883,-0.6887,-1.7998,0.1013,-1.1731,-1.3176,-0.9541,1.0359,0.8198,0.2112,-1.3333,-2.0000,-1.0295,0.7493,-0.7554,1.0464,0.5615,-0.9585,-0.2126,-0.4182,-0.4160,0.1621,-1.0156,-2.0000,-0.5037,-0.4563,-1.6782,0.1726,0.3303,-0.4392,-1.0659,-0.9890,-0.3196,0.2292,-0.9043,-0.6309,-0.2095,-0.2427,-0.3821,0.3733,-0.1311,-0.4998,-0.1292,-0.5996,-1.2083,-0.3640,-0.8474,-2.0000,0.0249,-1.4053,-2.0000,-0.2834,-0.4380,-1.3362,0.0813,-0.3909,0.8071,-0.0437,-0.1335,0.7314,1.1772,0.6143,-1.4402,0.8086,-0.2849,-2.0000,0.0288,1.2617,-0.8684,-0.0723,0.1743,0.7415,1.4077,-0.3545,-0.7925,-0.0159,0.2839,-0.6123,0.5449,-0.4167,-1.0303,-0.3757,0.1375,-0.7986,0.1023,0.2424,-1.1536,-0.2700,-1.5212,-0.3936,0.6104,-0.5710,-2.0000,0.3088,-0.4646,-1.5637,-0.2329,-0.2410,-0.1772,-0.7461,-0.6855,-0.9470,0.3804,0.0171,0.3247,0.0667,-0.3062,-1.5640,0.1960,-0.3875,-0.4685,-0.0476,-0.7080,-0.5684,-0.4792,0.2422,-0.9841,-0.7585,0.0059,0.2324,0.2698,0.5969,-1.3579,-0.2219,-0.7244,-0.8359,0.6555,0.5254,-2.0000,-0.0007,-0.5063,-2.0000,0.6946,0.0815,-2.0000,-0.1277,-0.7778,-1.0684,1.0601,0.6846,-0.7275,-0.1079,-1.3716,-0.9731,0.6377,-0.8723,-1.8254,0.0520,0.0408,-1.1772,0.1931,0.8452,-0.1443,1.2495,-0.0144,-1.9365,-0.2380,-0.2546,-0.1228,0.2585,-0.2537,-2.0000,0.3682,-0.4758,-1.1995,-0.8638,-1.4368,-0.8755,-0.5845,-0.2188,-0.1104,-0.4475,-0.3716,-0.7837,0.2327,0.1934,-0.3442,0.9634,0.6013,-1.1394,0.2358,-0.4104,-1.1780,0.2061,-0.5105,-1.5259,0.9609,-0.4966,-1.7432,-0.0891,0.1431,-2.0000
0.4695,-0.2607,-2.0000,0.6660,-0.2219,-1.1843,-1.3333,-0.4509,0.7351,1.1533,-0.4692,-2.0000,-0.6421,-1.5437,-2.0000,0.1277,-0.4209,-1.2361,-0.6311,-0.1179,-0.7158,0.4075,-0.8333,-2.0000,0.4241,0.1992,0.4009,-0.2034,-1.2998,-0.9961,0.3149,0.4954,-0.7402,-0.9207,-0.8940,1.0256,-0.0374,0.0913,0.0386,0.5352,0.1646,-2.0000,-0.1016,-0.0945,-0.3313,0.3464,-0.5723,-1.1682,1.1326,-0.4568,-2.0000,0.2666,0.5393,0.6396,0.7715,0.3342,-1.4993,-0.7097,-0.6260,-0.0720,-0.1326,-1.0745,-0.6177,0.7468,-0.3965,-1.4402,-0.3035,0.2659,0.1501,-0.5564,-0.3489,-0.9106,-0.2712,0.2014,-0.6047,-0.3484,-0.7944,-0.1086,0.3384,-0.4463,-0.5383,0.7673,-0.3940,-2.0000,0.7244,0.0833,-0.8313,0.0688,0.7039,-1.7480,0.7917,-0.7363,-2.0000,-0.6487,-0.5339,-0.5098,0.7766,-0.4639,-0.9968,-0.2791,-0.3652,-0.3696,-0.9653,-0.1492,0.3926,1.1997,-0.1594,-1.1624,-0.4905,-0.3240,0.1377,0.0068,-0.0981,-0.8652,-0.8855,0.3738,-0.0889,0.0500,-0.1860,-1.6216,-0.5669,-0.0862,-0.1016,-0.3340,0.5425,0.5991,0.2410,-0.4988,-1.5603,-0.5728,-0.3875,-1.1628,-0.4922,0.8691,0.2830,-0.0183,-0.5549,-1.7170,-0.1064,-0.2588,-1.3101,0.7224,-0.2515,-1.0925,-0.3689,-0.7554,-2.0000,0.0276,0.2925,-0.1406,-0.3210,0.5969,0.5444,-0.6262,-0.3281,-0.5154,-0.9353,-0.5159,-1.6641,-0.4490,0.3567,-0.0647,-0.0735,-0.3384,-0.5393,-0.3535,-0.6436,-0.3501,0.7429,0.5537,-0.5410,-1.2195,-0.2927,-0.2268,0.8579,-0.5249,-1.1567,0.0979,0.0498,-0.9482,1.9999,-0.6577,-2.0000,1.1484,0.1343,-0.3650,0.7524,-0.2000,-2.0000,-0.0754,0.8914,-0.2346
0.3823,-0.4087,-0.7688,-0.2854,-1.3298,-1.7607,-0.0613,-0.4846,-1.7825,-0.1101,-0.1223,-0.5195,0.5469,0.6514,-0.5620,-0.3987,1.2019,-0.3540,0.2747,-0.7664,-1.4231,0.1562,-0.8345,-0.3445,-0.3611,0.9688,0.0273,-0.1169,-0.1458,-1.0391,1.0312,-1.1138,-2.0000,-0.0671,-0.2278,-0.7783,0.0640,-0.1033,-0.3550,-0.3047,0.0159,-0.6733,-0.3987,0.2878,-0.0022,-0.8455,0.5430,0.6292,0.4414,-0.1938,-0.6545,-1.4221,0.4351,0.9744,-0.4878,-0.8860,-0.9248,0.7993,-0.0767,-1.1445,-0.4348,0.4446,-0.7261,0.1677,-1.0435,-2.0000,-0.0015,0.0588,1.3586,0.4260,-0.3333,-0.9294,0.4448,-0.4126,-0.8757,0.5823,0.3289,-0.3970,-0.2021,0.2710,0.0559,0.5366,-0.1716,-1.9207,0.0039,-0.0288,-1.2615,-0.0884,0.2019,-1.1965,-0.1790,0.0188,-0.8113,-0.6636,-1.2012,-2.0000,-0.2146,0.6829,-0.3840,0.3152,-0.2212,-1.3247,-0.9551,-0.4055,-0.0283,-0.2197,-0.5972,-1.0176,0.3616,-1.2178,-1.5076,-0.5403,-1.1064,-1.0710,0.1077,-0.9404,-2.0000,0.0168,-0.2258,-0.6094,0.0051,0.1770,-0.7759,-0.1216,-0.7854,-1.8752,-0.2134,-0.5708,-0.7451,0.0208,-0.2129,-0.5112,0.6123,0.1794,-1.6890,0.0259,-0.6624,-1.4438,0.1165,-0.6023,-0.0378,-0.5217,-0.4573,0.6145,0.3374,-0.4353,-1.0854,0.4260,-0.7329,-1.0525,0.2573,-0.2847,-0.5278,-0.1953,-0.7180,-1.1135,0.9194,-0.1743,-1.6616,0.0708,-0.1489,-1.5322,0.7280,-0.0583,-0.5981,0.3345,-0.9368,-0.2463,-0.5103,-1.6885,-0.2820,0.2710,-0.6689,-0.6653,-0.1519,-0.8252,-0.0876,0.3008,-0.4329,-1.1831,-0.4497,0.6116,-0.0801,-0.3862,-0.4917,-0.6907,-0.4160,-0.9058,-0.9675,0.0820,0.5796,-0.7766
-0.4426,-0.9087,-1.4666,0.1189,0.3020,0.1123,0.4275,-0.3960,-1.8645,-0.4456,-0.7874,-0.1833,-0.1807,0.0132,-0.3818,-0.3237,-0.1929,-0.0735,0.2292,-0.6375,0.0959,0.0681,-0.7893,-1.5688,-0.1257,0.2024,0.3740,0.0317,-0.4082,-0.9890,-0.0984,0.0955,0.5315,-0.1570,-0.2825,0.8728,0.4731,-0.1687,-1.3914,0.5369,0.1086,-1.1021,0.1626,-1.0854,-2.0000,0.0920,0.1084,-1.8147,-0.3518,-0.1045,0.0439,0.2573,0.4280,0.1284,0.0735,0.5132,-0.7031,0.2048,0.5505,-1.3662,0.6509,-0.7866,-2.0000,-0.0408,0.0471,-0.6941,-0.2048,-0.8723,-2.0000,0.5432,-0.1074,-1.3083,-0.1475,-0.7344,-2.0000,-0.4817,0.1306,-0.4036,-0.5063,-0.5100,-1.3501,-0.2480,-0.3167,0.1128,0.1411,-1.1006,-1.7732,0.1257,-0.6116,-0.3320,-0.8518,-0.1892,0.1433,0.7568,-0.0166,-2.0000,0.1418,-0.0330,-0.6963,-0.7217,-0.5481,-1.7302,1.2178,-0.6931,-0.5959,-0.7832,-0.0635,0.4185,-0.3325,-0.6917,-1.1685,0.8931,-0.2854,-2.0000,-0.2996,-0.9753,0.0801,0.6021,-0.1804,-0.9944,0.3999,-0.0410,-1.2705,0.1055,0.3020,-0.0376,-0.1033,-0.8213,-0.9348,-1.0615,-1.6714,0.3369,-0.3262,0.2554,-0.6868,-0.2334,1.0032,-0.9011,-0.6084,0.2849,-2.0000,-0.0752,-0.6621,0.2854,0.5298,-0.3452,-0.8120,-1.0454,0.5010,1.0942,-0.0215,0.6606,0.5366,-0.6523,-0.6646,-1.8721,0.0046,-0.5349,-1.2932,0.3279,0.6035,-1.5425,0.0881,-0.8992,-1.0977,0.8828,1.4807,-0.9915,0.4165,-0.0554,-1.2786,-0.1101,1.1150,-1.9590,-0.7888,-0.7795,-1.2166,-0.0291,0.5046,-0.7358,-1.2656,-0.8113,-0.5127,-0.8479,0.3950,0.4192,-0.0300,-0.2654,-0.8960,0.5356,0.4639,-1.8811
-0.3411,-1.1511,-0.8826,0.6467,-0.4419,-0.1440,-0.7424,-0.6621,-0.3540,1.0403,-0.6062,-2.0000,0.2317,0.0247,-0.2615,-0.3865,-0.2078,-1.1343,-0.1455,-1.2129,-1.9810,-0.7751,-0.0349,0.7263,-0.4712,-0.8555,-2.0000,0.3403,-0.2468,0.4934,-1.6663,-0.1116,0.9619,0.0386,0.6545,-0.9131,0.0986,-0.7935,-2.0000,-1.5610,-1.0225,-1.3315,-0.0127,-0.1228,-0.9363,-0.2449,-0.9849,-0.0837,-0.7959,-1.5078,-0.8865,0.2725,-0.1162,-0.1216,-1.9844,-2.0000,-0.9041,0.4819,-0.0120,0.1155,-0.1372,-0.6558,0.1482,0.2126,-0.5435,-2.0000,-0.0381,-0.5959,-0.8684,0.1077,0.3486,-0.7458,-0.0266,-2.0000,-2.0000,-0.5410,-0.3315,-0.2395,-0.1287,-0.7146,-0.8889,-0.2043,-0.5378,-2.0000,0.0920,1.0095,-0.5938,-0.0591,-0.5701,-1.2009,0.1577,0.4019,-0.4702,-0.4141,0.1487,-0.8574,-0.0378,-0.6155,-1.5237,0.3408,0.4795,-0.1782,-0.4189,-0.9678,-1.1221,0.0632,-1.2366,-2.0000,0.5942,-0.0847,-0.9214,0.1096,-0.0022,-1.1143,0.0076,-0.1045,0.6982,-0.4517,0.4534,0.3872,-0.8115,0.0898,-0.7314,0.4395,0.3591,-0.2974,0.2327,-0.1584,-1.0349,0.0784,-0.3125,-1.2324,0.4600,-0.5410,-0.9478,0.0491,-0.6208,-0.8589,-0.8987,-0.2617,0.0881,-0.5347,-1.5837,-0.1794,-0.3105,-0.6780,-1.6023,0.2368,0.1228,-0.7966,-0.2520,-0.7151,-0.2019,1.1384,-0.3362,-0.4136,0.5688,-0.8538,-0.2903,-0.7915,-0.1699,0.8972,0.4658,0.6106,-0.1165,-0.3684,-0.1191,-0.9033,0.7854,0.2473,-2.0000,-0.0103,-0.1311,-0.4807,0.1206,-0.3779,-0.5950,-0.0881,-0.5588,-0.5105,-0.1150,0.7910,0.0381,0.1565,0.0857,-0.9753,-0.0945,-0.2739,-1.1484,-1.9507,-0.1152,-0.9924
-1.1479,-0.8855,0.0427,-0.0803,0.0554,-0.9866,0.3354,0.5928,-0.3521,1.1299,0.2871,-2.0000,0.0520,0.5249,0.0967,-1.7795,-0.3135,-0.3628,-0.6978,0.3767,0.0627,-0.3628,-2.0000,-1.4880,-1.2434,-0.4055,-0.3708,-0.4985,0.4492,-0.6870,-0.0010,-0.4387,0.7700,0.0779,-0.9692,-1.6748,0.6348,0.1570,-1.6238,-1.1165,-0.2812,-1.0115,-0.1831,-0.2146,0.3679,-1.8455,-1.7544,-2.0000,0.1724,-0.1855,-0.7815,-0.4138,-0.7832,-2.0000,0.3264,-0.1790,-0.7715,0.9014,-0.4067,-2.0000,-0.4436,-1.0984,-1.8970,-0.1626,-0.9436,-0.2031,-0.8232,-0.9734,-2.0000,-0.2871,-0.3005,0.2615,0.3225,-0.9585,-1.3599,0.3689,-0.2837,-0.9961,0.3459,0.4497,-0.7729,0.9602,-0.8872,-2.0000,-1.2537,-0.4944,-0.4480,0.1587,0.5010,-0.5994,-0.1667,-0.3538,-0.0137,-0.4160,-1.3730,-1.1614,-0.6465,0.2983,-0.5750,0.1611,-0.2412,-0.8833,-0.6963,-1.3154,-2.0000,0.1311,0.1565,-0.6362,-0.3240,-0.7715,-1.1204,-0.1023,0.1765,-0.5413,-1.0166,0.2864,-1.4866,-1.1377,-1.3013,-1.8394,0.1016,-0.4766,-1.4177,0.2803,-0.5757,0.2419,-0.9717,-1.1372,0.9487,0.3210,0.1968,-1.1177,0.3936,-0.1174,-1.7432,0.2354,0.3987,-0.7463,-0.4617,-0.8052,-1.1738,-1.5073,1.2236,0.6931,0.8274,-0.7373,-1.7771,0.6445,-0.4834,-0.3428,-0.6433,-0.7039,1.0667,-0.2659,-0.0562,0.2341,0.1274,-0.0752,0.2976,1.9661,-0.5959,-2.0000,0.9829,-0.1648,-0.7007,0.3364,-0.7156,-0.2019,0.5234,0.2043,-1.0220,0.2976,0.2090,-1.0532,0.4839,-0.6145,-1.0640,0.4861,-0.0234,-0.8032,-0.4624,0.0789,-0.8318,-1.4595,-1.4788,-2.0000,0.5012,-0.0613,-0.6990,-0.0884,-0.0674,-1.1521
0.4524,-0.4546,-1.8889,-0.2314,1.2959,0.0190,-1.7537,-0.3340,0.6040,0.1570,-0.3618,-2.0000,0.4810,0.0225,0.2517,-1.6365,1.2917,1.5000,-0.0791,-0.5342,0.1458,0.2798,1.3362,-0.7385,-0.5344,-0.8047,-0.6262,0.7307,0.1711,-0.9836,0.5527,0.8091,-1.9817,-0.5391,-0.9546,-0.7786,0.9004,-0.4788,-2.0000,-0.1602,0.0603,-0.4717,-0.2471,0.4902,-0.2568,-0.3320,0.3022,0.0989,0.2427,-0.3264,-0.0867,-0.2952,-0.1328,-1.2534,0.1521,-0.0540,-1.0051,1.3792,-0.2617,-1.8235,-1.7129,-2.0000,0.7764,-0.2612,-0.0291,-0.4465,-0.6345,-0.5991,-1.9246,-0.2778,-0.3716,0.1787,0.0820,-1.0498,-1.8416,0.4780,-1.8030,-1.5347,0.8770,-0.3855,-1.9277,-0.5232,-0.6091,-0.3875,-0.2888,-0.0774,-0.2571,-0.1453,-2.0000,-2.0000,0.3516,-0.0017,-0.2532,-2.0000,-1.7275,-0.8423,-0.6121,-0.0325,1.1277,-0.5730,-1.6626,-2.0000,1.9999,1.9999,-0.8977,-0.6094,-1.5894,-1.3577,-1.0813,-0.6179,-1.1196,0.0891,0.7268,0.1541,-0.0598,-0.9712,-1.6709,0.7327,0.8933,-0.7803,-0.9790,-0.5691,-2.0000,-0.0706,-1.2188,-1.2241,-0.5859,-0.9785,-0.3723,-1.3101,-0.1174,-0.1289,-0.4563,-0.8257,-0.9326,0.3232,-0.0071,0.9028,-0.1213,-0.1965,-1.2004,-0.5969,-0.5745,-1.0427,-1.4934,-1.5515,0.0298,-1.2737,-0.0566,0.1255,-1.1384,-1.9666,-1.6953,0.7136,-0.4700,-0.6018,-0.7268,-0.4397,-1.5391,0.1562,-0.8608,-0.9573,-0.5652,-0.1172,0.3821,-0.1543,-0.4319,0.0591,0.3589,0.4109,-0.4771,-0.0171,0.0527,-0.7617,-0.0605,-0.3767,-0.7539,0.2749,-0.0808,-1.3369,-0.0012,-0.1643,-0.7163,-0.5679,0.3838,-0.1758,-0.6079,-0.0320,-1.5469,0.0806,-0.9885,-1.9392
0.1746,-1.0303,-1.6619,0.5972,0.0579,-0.4102,0.4761,0.2896,-1.5461,1.4260,-0.4856,-1.4370,-0.3064,-0.6565,-1.3845,0.9636,-0.5515,-1.2380,-0.0574,0.0083,-1.2881,-0.1646,0.4863,-1.1709,1.2803,0.1194,-2.0000,0.6206,-0.6858,-1.0151,0.7998,-0.6145,-2.0000,0.6587,0.5840,-1.4773,0.3245,0.3071,-0.9285,0.8704,-0.7305,-1.8313,-0.1455,0.6272,-0.1555,0.7295,0.6235,-2.0000,0.6047,0.4231,-1.9656,-0.1497,0.0676,-0.1287,-0.4299,-0.5967,-0.8030,-0.8037,-0.8552,-1.1677,-0.0713,-0.1992,-0.8120,-0.4067,-0.1589,-0.3564,0.0320,-1.7705,-2.0000,-1.7986,-0.3518,-0.5300,-0.1331,-0.1567,-0.9622,-0.0371,-0.0090,-0.4036,-0.4727,-0.4187,-0.3118,-0.3635,-0.7026,-0.3049,0.0386,0.0310,-0.3826,0.9080,-0.4607,-1.3577,-0.1982,-0.5415,-2.0000,-0.4822,-0.6565,-0.5112,0.1501,0.3862,-1.0913,0.0017,-0.4897,-0.2764,0.1594,-0.3406,-2.0000,0.2312,0.1436,-0.6235,-0.1287,0.6658,-0.6362,0.3611,0.0183,-1.2859,0.1714,-0.1067,-0.3098,-0.0273,0.2258,-0.4802,0.0808,-0.1384,-0.9036,0.2886,0.5662,-1.9351,0.4138,1.1797,-1.2268,-0.8555,-0.9375,-0.5825,-0.5850,-1.0925,-0.7163,-0.8359,-0.8210,-0.6125,0.2053,0.1702,-1.6052,-0.4788,0.4224,0.1536,-0.6294,0.1492,-0.2964,0.5488,0.3271,0.2009,-0.0728,0.8047,-0.4153,0.9211,0.2151,-1.1670,0.2173,-0.4148,-1.3533,-0.0833,-0.4448,-0.8308,0.1809,-0.3013,0.4963,-0.6216,0.0000,-0.9048,-0.2466,-0.5703,-2.0000,0.0464,-0.5686,-0.8816,-0.9309,-1.1458,-2.0000,0.5872,0.0681,-0.5269,0.0044,-1.3479,-1.6118,0.9663,0.9695,-0.8276,0.0493,0.8062,-1.5220,0.4912,0.0762,-0.4368
-0.1514,-0.4785,-0.5039,0.5391,0.0459,-0.7771,-0.7842,-1.7566,-0.3687,-0.9902,-0.6897,-1.3860,-0.2239,-0.0972,-1.1960,0.0938,-0.2129,0.1819,0.1013,0.5457,-1.1145,0.0911,0.1426,-0.1902,-0.0781,-0.3323,-0.7039,0.4031,0.1616,-0.0557,1.9999,1.4521,-2.0000,0.0383,0.1309,-0.5745,0.3945,1.3984,-2.0000,-0.0308,0.0955,-0.2063,-1.0222,-0.3640,-0.6155,0.2295,-0.4199,0.1785,-0.2974,-0.4890,-1.6208,-1.0298,-0.0881,-0.0942,0.2791,-0.2761,-1.1658,-0.0291,0.4497,-1.2749,-1.9307,-2.0000,-2.0000,0.0183,-0.3064,0.9819,-0.2158,0.3867,-0.6765,-0.2639,0.9089,-1.2007,0.5168,-0.5303,-1.3062,0.5149,-1.0447,-2.0000,-0.6077,-1.5735,1.1497,0.5947,-1.0830,-2.0000,0.1379,0.9243,-0.7654,0.7759,-0.6404,-1.8074,-0.1487,0.2695,0.1912,-0.1917,-0.5066,0.9033,1.0347,0.1052,-2.0000,-0.5349,-0.3547,-0.2100,0.2820,-0.2617,-0.0769,-0.1372,-0.5317,-1.3572,0.3210,0.3301,-0.7869,0.1096,-1.1292,-0.6973,0.4819,-0.5574,-1.1509,0.0625,0.7959,-0.5847,0.0720,0.2903,0.2356,-1.4038,-0.8220,0.0100,0.8696,0.2263,-0.2642,-0.5867,0.3196,-1.2832,-0.9509,-0.4490,-0.7517,0.4011,0.1118,-0.9131,-0.6609,-0.3726,-1.4751,-0.1748,-0.3533,0.4614,0.7764,0.1663,-2.0000,-1.0051,1.0847,0.8721,0.2708,-0.1821,-1.2129,-0.7336,-0.3137,0.5759,-1.1333,-1.6555,-2.0000,0.1863,1.7307,-1.5464,0.6575,-0.8635,-1.0737,0.5642,-0.9768,-1.1343,-0.0784,1.0425,0.3047,-0.2307,-0.2092,-0.0151,-1.0256,-0.7661,0.4944,0.3687,-0.4250,-1.0110,0.1965,-0.9270,-1.0779,-0.9136,-0.6855,-0.0867,0.7803,-1.5139,-2.0000,-0.5334,-0.3459,-0.6814
0.3940,0.3306,-0.8809,0.2100,0.2507,-1.8252,0.3706,0.1018,0.1992,1.0193,0.9670,-0.2976,0.1448,0.0913,-0.4309,-0.2061,-0.0664,-2.0000,-0.5881,0.0242,0.2192,0.4360,0.5950,-0.7446,-0.3550,-0.3391,-1.7163,-0.5276,0.2883,-0.5784,0.7827,-0.5439,-1.6838,-1.8665,-0.4011,-1.0593,-0.0898,-0.4412,-0.5981,-0.1819,-0.6616,-1.4727,0.1143,-0.3650,-1.7002,-0.6416,0.6843,-0.1833,-0.0398,0.0457,-1.9097,0.8271,-0.5706,-1.4199,-0.2476,-0.5823,-1.0569,0.2881,0.3188,-0.1172,-1.3071,-0.0088,1.3508,0.4712,-0.4485,-1.6577,-0.3911,-0.4993,0.1707,0.2996,0.1079,-0.1895,-0.0305,-0.7014,-1.8164,-0.0603,-0.2734,0.2439,-0.2288,-0.5586,-1.3157,-0.2861,0.2991,1.2410,0.1033,-0.2065,-0.9275,1.3430,0.9363,0.8069,-0.2812,-0.1797,1.0095,0.7478,0.0527,-0.8628,-0.4585,-0.1687,0.3157,0.2930,0.1597,-0.8967,0.7744,-0.9087,-2.0000,-0.2788,-0.7119,-1.0662,0.2898,-0.5674,-0.6162,0.1052,-0.3120,-0.4985,1.2617,-0.3462,-2.0000,-0.0315,0.2676,-0.6289,0.0129,-0.1353,-1.9143,-0.5188,0.0950,0.1082,0.2434,-1.1272,-1.9192,0.2942,-0.5964,-2.0000,-0.6155,-0.7583,-0.6548,-0.8220,-0.0383,0.2332,0.4087,0.2390,-1.9690,-0.3562,-0.2043,0.6177,1.2346,-0.2097,-2.0000,-0.5339,-0.5432,-0.6670,0.2319,-0.2498,-2.0000,0.4561,-1.4695,-0.7668,0.2891,-0.0686,0.0425,0.0872,-0.4170,-2.0000,-0.6104,-0.0112,0.0735,0.9885,-0.5784,-0.7290,-0.4766,0.0225,-0.2527,0.7002,0.5405,-0.1467,0.4800,0.2637,-0.2217,-0.1069,-0.9871,-2.0000,-0.5671,0.1985,0.2563,-0.1406,-0.7139,-0.7717,0.4373,0.6191,-0.1875,-0.3789,-0.8140,0.5593
1.4792,0.1233,-2.0000,0.5142,-0.0149,-0.4138,-1.8525,0.4951,1.5515,-0.5039,-0.9937,-1.1313,-1.1899,0.1431,-0.6089,0.1328,0.4866,-1.1936,0.1467,-1.2708,-1.2854,0.6042,-0.1216,-1.3613,0.0356,0.2717,-0.4570,-0.4937,0.0615,-0.4360,-0.5635,-0.1716,-0.2683,0.6396,-0.0840,-1.7937,1.1616,-0.1687,-2.0000,0.0483,-0.3948,-0.9707,1.6511,-0.4097,-2.0000,-2.0000,-0.7437,1.9999,1.4207,0.0889,-1.8481,-0.6335,-0.6450,-2.0000,0.6716,-0.1768,-0.6204,0.2371,-0.3118,-0.4812,-0.5210,-0.0857,-0.5830,-0.7571,0.7290,1.2156,-0.5544,-0.3770,0.0896,0.2939,-0.3647,-1.1919,-0.2742,0.6714,-1.9280,0.4963,-0.3188,-1.6174,0.4824,0.0081,-0.3149,1.4338,0.2932,-1.2354,1.3110,-0.0376,-2.0000,-1.0305,-0.4614,-1.3325,1.4363,-0.8577,-2.0000,0.5781,-0.3086,-0.4270,0.1897,0.3357,-1.2693,0.1682,0.1938,-0.4004,-0.8054,-0.7192,-0.3787,0.3584,-0.2356,-0.7646,0.0962,-0.0991,-1.1562,-0.3237,-0.4453,-0.8787,-0.1685,0.1133,-0.6536,-0.4077,-0.6726,-1.3008,-0.3901,-0.2866,-0.1172,-1.1956,-0.8860,-0.1470,-0.4058,0.8682,0.5171,-1.3301,-0.8066,-0.4202,0.1384,-0.7732,-0.7405,-0.4790,0.5410,-1.6436,0.1865,-0.0537,-1.2200,-0.8540,-0.3308,-0.2793,-0.0305,-0.8103,0.4124,0.1204,-0.2510,-0.5969,-1.5344,1.6028,0.1641,-1.0105,-1.7205,-1.4336,-0.0693,0.5586,0.7563,0.2656,0.2080,-2.0000,-0.2200,0.1626,-0.3008,-0.8972,-1.0771,-1.1667,0.4688,0.0874,0.4421,-0.4495,0.2791,-2.0000,0.3201,-0.6423,-1.7170,1.1560,1.3518,-1.4963,1.1064,0.2751,-0.9028,0.1743,0.0955,-0.4316,-0.4126,0.0740,-0.0706,0.4307,0.3333,-1.5959
-0.0115,-0.2759,-1.6016,-0.7776,-0.4551,-1.0764,-0.1284,0.0398,-0.1890,-1.3276,-0.6653,-2.0000,-0.2559,-0.4985,-0.1250,0.5352,0.2908,-0.6853,0.2393,0.1130,-0.9189,-0.4058,-0.5474,-0.1318,0.2178,0.0652,-1.3281,-0.5837,-1.2852,-0.3538,-0.4495,-0.3225,-0.3760,0.2385,-0.4307,-0.1753,0.0300,-0.0891,-0.5137,0.2808,0.4717,-1.3127,0.1589,0.4146,0.6572,-0.3684,-0.4614,-0.8936,-0.3035,0.4651,0.3628,-0.0627,-0.0261,-2.0000,0.1946,-1.4065,-1.2471,0.1755,-0.0117,-2.0000,0.5544,1.3262,-1.6255,1.1638,0.6316,-1.2971,0.5603,-0.2358,-0.8049,-0.6035,0.2339,-1.7495,0.4209,-0.3740,-0.7678,1.2151,-0.7251,-2.0000,0.0415,-0.3284,0.2659,0.3542,-0.3972,-2.0000,0.0959,0.3357,0.0520,1.0591,-1.9360,-2.0000,-0.7966,-0.1680,0.7280,1.9999,0.3037,-2.0000,0.1165,-1.2239,0.2568,1.0903,0.5498,-1.5808,-0.1082,0.0022,-0.8647,0.5662,0.0513,-0.4644,-0.0164,1.7058,-1.5928,-0.1482,-0.0703,-0.3896,-0.7139,-0.9568,-2.0000,0.2615,0.2283,-0.2251,-0.2219,-0.5115,-0.4089,0.8479,-0.0134,-0.9270,0.1838,-0.3428,-0.5061,-0.8481,-0.4221,0.0330,1.2063,0.1926,1.4043,-0.2144,-0.2485,-1.1121,-1.5232,-1.2554,0.0422,0.6028,0.3408,-0.6094,-1.2485,-1.0081,0.4312,-0.1499,-0.1165,-0.4644,0.3096,-0.5566,-1.1455,-0.1658,-0.4741,-1.6887,0.1865,0.2715,-0.8848,0.2139,1.9631,-1.1436,1.4084,0.3796,-1.9321,-0.7690,-0.0842,-0.3594,-0.0542,-0.0034,0.4241,-0.0911,-0.5374,1.1719,0.3049,0.5215,-1.3005,-0.7163,-0.0073,-1.1262,0.4319,-0.2146,-1.5400,-0.7971,-0.8623,-0.1765,0.0176,-0.1064,-1.5078,0.3218,0.5569,-0.9016
-0.7910,0.2253,0.1543,0.3447,-0.0042,-1.3611,-1.0369,-0.1299,-0.5837,0.0710,-0.8621,-1.2341,-1.2610,0.0430,-1.4236,0.3071,-0.2129,-0.4055,0.5393,-0.0503,-1.3550,-0.3457,-0.6636,-1.1057,-0.5269,0.1653,-0.2922,0.1470,0.1011,-0.9167,-0.3547,0.3894,-0.2659,-0.5303,0.0667,0.2847,0.9004,0.7249,-1.6682,-0.1897,-0.5002,-1.6030,-0.1533,-0.4839,-0.9470,0.1274,-0.2295,0.3818,-0.4302,-0.4761,-0.7144,-0.7839,-0.4570,-0.6008,-0.1345,0.0461,0.1038,-0.2617,0.3699,-0.5725,-0.4585,-1.2754,-0.5374,-0.3625,-0.2917,-1.4231,0.0964,-0.4153,-1.7605,-0.3481,0.1653,-0.5876,-0.4578,-0.0950,-0.4595,0.6604,0.1594,-2.0000,-2.0000,-2.0000,-2.0000,0.3110,0.0959,-0.8826,-1.2065,0.6016,0.9822,0.6406,0.6667,-0.8772,1.9999,-2.0000,-2.0000,0.0234,-0.0864,0.0029,0.3091,0.4316,-0.5288,-0.1963,-0.0188,-0.5874,-0.1160,0.0691,0.2925,-0.5535,-1.3945,-0.6846,-0.1560,-1.0491,0.7297,0.1968,-0.6069,-0.7002,0.2556,-0.6121,-1.3718,-0.9272,-0.4980,-2.0000,0.3811,0.7097,-2.0000,0.0168,-0.5798,-0.2019,-0.0327,0.3989,-1.0432,-0.0034,0.1904,-1.4348,0.4771,0.3918,-0.6387,0.3770,0.4570,-1.0281,-0.3687,0.7341,-1.1421,0.4912,-0.9463,-2.0000,0.2310,0.2100,0.1042,-0.8555,-0.1011,0.3057,-1.1904,-0.7339,0.1687,0.2151,0.0754,-1.0767,0.1416,0.6838,-0.0762,-0.2646,0.5701,0.4221,-0.5601,0.3147,1.0718,0.7781,0.8413,-0.7148,-0.9270,-2.0000,-2.0000,0.7771,-0.6873,-2.0000,-0.6853,-0.3149,0.0178,-0.4707,-0.2236,0.6694,-1.3872,-0.5535,-1.3213,0.1763,0.0383,-0.6936,-0.3198,0.2739,-0.1492,-0.5725,-0.9700,-2.0000
0.3540,-0.2292,-1.3394,0.0303,0.1274,-2.0000,-0.4126,0.6501,0.0374,-0.1848,-0.1396,-1.3586,-0.4282,-0.9553,-1.6978,0.0967,-0.0464,0.4873,-0.1963,-0.5388,-0.2517,-0.1018,-0.0881,-1.8457,0.7917,-0.5144,-0.7695,-0.7424,-0.7078,0.2668,-0.8630,-0.6443,-0.3950,-0.6851,-0.5640,0.9482,0.5234,-0.2002,-0.7788,-0.3521,0.1260,-0.9695,0.7483,-0.0859,0.2007,-0.7080,-0.5076,-1.3091,1.0217,0.0178,-2.0000,-0.1882,-0.3391,-1.6931,0.6011,0.3381,-0.4485,-0.1672,0.3672,-0.2424,-0.5891,-0.2769,-0.8567,-0.6978,-0.9229,-2.0000,-0.0747,-0.0889,-0.7046,0.7122,0.4436,-0.2334,0.3789,0.3230,-0.5894,0.3169,-0.0393,-0.7500,-0.6785,0.4941,-0.7334,-1.7502,-2.0000,1.6238,0.4824,-0.3098,-0.8452,-0.4595,-0.0303,-0.2856,0.0876,-0.0376,-2.0000,0.7041,0.1577,-1.0005,1.1638,-0.0066,0.6465,-0.0483,-0.4302,-0.2859,-0.2998,-0.7429,-1.3662,0.3447,0.1189,-1.3135,0.4561,0.2957,0.0771,-0.3828,-0.7261,-0.8188,1.0779,0.5320,-0.5896,-0.6377,0.0764,-0.8110,-1.1736,-0.6355,-0.1011,-0.4414,0.0962,-0.3748,-0.3701,0.1326,-0.1787,0.0024,-0.8479,-1.0635,-0.0686,0.8223,-0.5364,0.4617,-1.1506,-2.0000,-0.8611,0.1724,0.9272,-1.3440,-0.3560,0.3228,-0.9460,-0.1584,0.2468,-1.0566,-1.1323,-2.0000,1.1460,1.7341,-2.0000,0.6277,-0.4534,0.1851,0.1616,-1.4980,-1.0281,0.4644,0.9556,-0.4756,-0.6699,0.3711,-0.6968,-0.1572,0.2812,0.0896,-1.0510,-0.3774,-0.0098,0.2700,0.2900,-2.0000,-0.4133,-0.2261,0.3337,0.0867,0.5276,-0.8645,-1.0305,-0.1594,-0.4426,0.6836,-0.2705,-1.8823,0.0747,-0.3450,-1.1223,-0.0137,1.2476,-1.3577
0.6296,-0.3789,-1.5354,0.4084,0.3767,-2.0000,-0.2620,0.0559,-2.0000,0.2607,0.1909,-0.0669,0.8093,0.7358,0.0769,-0.0630,-0.9258,-2.0000,-0.0115,-0.3179,-0.2908,-0.4500,-0.3542,-0.0149,0.5435,-0.0767,-0.1873,-0.4956,-1.0054,-0.5215,0.8474,-0.1047,-1.6724,-0.2856,0.5627,-0.0706,-0.2065,0.1289,0.2959,1.4338,-1.0483,-2.0000,-0.6377,-0.9104,0.1323,0.3418,-0.4854,-0.2214,-0.7317,-1.0112,-1.6345,-0.8667,-0.1753,0.9595,0.3464,-0.6084,-1.4363,0.8003,-0.9875,-2.0000,-0.4292,-1.0747,0.4602,-0.2292,0.3022,-0.8816,-1.4016,-1.4468,-1.7251,-0.0627,-0.2969,-0.1729,-0.3613,-0.5706,0.5859,-0.2725,-0.1003,0.3145,-1.0232,-1.6150,-1.7666,0.6643,0.2407,-0.6677,0.0046,0.2341,0.0032,-0.8328,0.6982,-2.0000,0.2666,-0.7815,-1.0552,0.4614,0.3330,-1.5508,-1.0417,-0.7317,0.0063,-0.4180,-0.4956,-0.0562,-2.0000,-0.8855,-0.8142,0.4255,-0.0686,-0.6580,-0.6973,0.6597,-1.1533,-0.3508,-0.6069,0.8430,-0.8352,1.0588,-0.5083,0.2415,-1.2505,-2.0000,0.0210,-0.8762,-2.0000,-1.1226,-0.8967,-1.6597,0.1028,0.5474,0.1152,-1.3762,-0.8140,-0.8931,0.7288,0.0320,-0.9099,-0.2825,-1.6477,-1.6951,0.3040,-0.7061,-2.0000,-0.0916,-0.9111,1.5994,-0.2061,-1.0542,-1.9832,-0.2444,-0.9507,-1.0852,-0.8225,-2.0000,-1.8416,0.4023,-0.1106,-1.8054,0.6289,1.7700,-2.0000,-0.3203,-0.2864,-0.1738,0.5203,-0.0806,-0.2671,-0.9656,0.0195,-0.3586,-0.8364,0.5085,-1.1951,0.1924,-0.5068,-1.4102,-0.3311,0.2329,-0.6443,-0.0798,-0.2102,-0.0601,-0.5950,1.1897,-0.7644,-0.4104,-0.0667,0.6636,0.3384,0.3022,-0.7280,-0.6853,-0.6675,-0.4851
0.1208,-0.4204,-0.6931,-0.6292,-0.6370,-1.1553,0.7668,0.2180,-0.9141,0.8169,-0.4575,-1.8462,-0.4485,-0.7415,-0.9917,0.3438,0.7688,1.4211,0.1353,-0.4609,-0.2625,-0.0679,-0.0310,-1.3501,-1.0842,-0.3889,-0.8625,0.0298,-0.3591,-0.5974,0.1655,-0.3396,-1.4319,0.0493,-0.5891,-1.4436,0.1704,-1.2073,-1.7937,-0.5378,-1.5405,-2.0000,-0.3501,-0.9663,-0.1846,-0.5684,-0.3179,-0.5327,-0.4421,-0.0720,-1.2559,-0.1111,-1.0271,-2.0000,-0.0828,0.2651,-0.3630,-1.6221,-1.7812,0.7207,-0.0825,0.1926,-0.8325,-0.3894,-0.7620,-1.3923,-1.2048,-0.6262,-1.4456,-0.5596,-0.0786,-0.6033,0.3845,-0.5452,-0.8848,-1.5095,0.3254,1.3630,-0.4924,-0.6316,-0.2383,-0.9448,-0.2559,-2.0000,0.2651,-0.6899,-1.0454,0.4619,0.5095,-0.8901,-0.6489,-0.2710,-0.4624,-0.2241,-1.1206,-1.3201,0.4443,0.6560,-0.4597,-0.7351,-1.2344,-1.3481,0.8906,-0.7766,-0.7705,-0.1211,-0.6606,-0.0005,-0.9197,-1.1079,0.1946,0.7974,-0.0576,-0.7961,-0.2920,-0.0671,-0.4353,-1.4651,-1.1902,-2.0000,0.1306,0.1951,-0.4836,-0.6311,-0.1296,-1.3347,-0.8955,-0.5959,-1.1650,-0.0601,0.1482,-0.2800,-0.0977,-0.5813,-1.8062,0.3806,0.1531,1.0659,-0.5642,-0.5662,-0.0579,-0.1426,-0.1719,-0.4021,-0.4143,-0.7439,-1.4590,0.2197,0.2842,0.0015,-1.1199,-0.6497,-1.2346,-1.5066,-0.0112,-0.3032,-0.6177,-0.4312,-1.0457,0.1602,-0.1377,-0.6409,-0.2422,-0.1140,-1.5134,0.4968,0.0249,-0.7466,-1.3369,-0.7678,-0.6599,-0.1108,0.6384,-0.4595,-0.3782,-0.2222,-0.1287,-0.2471,-0.7839,-1.4695,0.1929,0.8413,-0.5715,0.4055,0.1902,-0.3525,0.5242,0.1711,0.1860,0.2014,0.0759,0.3228
-0.4907,-0.3252,-1.5791,0.3289,-0.1423,-1.5388,-0.7046,-0.9690,-0.9199,0.5718,0.1567,-2.0000,-1.4089,-1.4973,0.1016,-0.1331,-0.0820,-1.1357,0.0208,0.1399,-0.5691,-0.2476,-0.5112,-1.9617,-0.1711,-0.4067,0.9512,0.1582,-0.9495,-2.0000,0.3567,0.4761,-0.6377,-0.1460,-0.5771,-2.0000,-0.4951,-0.6082,-0.9297,0.1018,0.5093,0.1758,-1.3389,-1.2407,-0.5498,-0.3755,-0.5881,-0.2283,-0.2900,-0.3569,-1.7874,0.8989,0.6328,-1.2993,-0.4233,-0.2419,-0.8210,-0.6670,0.2454,-0.8313,-0.4346,-0.5662,-1.9900,-1.3064,-0.9976,-1.6465,-0.0798,0.9180,-0.1489,-0.2441,-0.2073,-1.2332,-0.5879,-0.1296,0.1003,0.6262,0.5042,-0.3196,-0.8376,-0.2673,-1.0142,-0.6074,-1.2244,0.4604,-0.8994,-0.6035,-1.5869,-1.4631,-0.1750,-0.7749,0.2017,-0.7129,-2.0000,-0.0986,-0.3359,-0.2722,-1.0271,0.1433,-0.6182,-1.2012,-0.8628,-0.5405,-0.4048,-1.1594,-2.0000,0.9043,0.5315,-0.6750,-0.0132,0.6694,-0.9900,-1.7168,-2.0000,-2.0000,0.3389,0.1511,-0.5068,0.3015,-0.1709,-0.6328,0.2800,-0.7002,-0.6982,-0.9795,-0.2151,0.2285,0.2471,-0.1167,-0.9880,-1.0034,-0.8843,1.8513,-0.1157,-0.2122,0.3918,-0.3989,0.1340,-0.4448,-0.0710,-0.6855,-0.1252,-0.6445,-1.2454,-1.5715,-0.0544,-0.9949,-1.0093,0.4336,-0.2869,-0.5439,-0.0120,-0.1243,-0.9248,-0.1646,-0.6140,-0.4099,0.6731,-0.0068,-0.9773,-0.7085,-0.9675,-2.0000,-0.3765,0.2495,-0.9805,0.6550,-0.2832,-0.7097,0.4417,-0.3301,-0.4636,-0.0645,0.3887,0.9272,-0.6538,-1.5942,-2.0000,0.1990,0.1851,-1.3416,-1.0061,-1.0530,-0.9834,-0.2644,-0.6831,-2.0000,0.5332,0.0120,-1.2080,-1.3328,-0.7280,-0.9187
0.3474,0.4590,0.9089,-0.3660,-0.2065,0.2864,-0.5842,-0.1345,-0.8252,-0.9229,-1.2798,-0.5693,-0.4265,-0.8447,-1.6450,-0.0305,-0.2490,-1.5645,-0.9084,0.2080,-0.4617,-1.5227,-0.9773,-1.0322,0.4150,0.2151,-0.4355,-0.7266,0.0657,1.3127,0.3364,-0.1912,-1.6899,-0.1477,0.2048,0.8276,-1.8896,-2.0000,-0.1743,0.3291,-0.4775,0.0520,-1.4373,-0.2354,-1.0332,0.0244,-0.0984,-0.9067,-1.3420,-0.2207,0.9736,0.5229,0.6111,-0.6436,0.4832,0.2561,-1.7930,-1.0171,-0.0969,-0.3188,-0.7419,-2.0000,-2.0000,0.2485,0.5957,-0.3457,-0.0833,0.0779,-0.1458,0.3855,0.6785,-0.9006,-0.2319,-0.4121,-2.0000,-0.9524,0.0750,-0.5459,-0.9873,-0.9258,-1.6787,0.4119,-0.2378,-0.8477,-1.1001,-0.1626,0.2563,1.0337,-0.9243,-0.6497,0.5305,0.1775,-1.0088,0.3491,-0.3701,-2.0000,-0.1084,0.2708,-0.9128,-0.0586,-0.8330,-2.0000,-0.7209,-0.7947,-1.2964,-0.0464,0.3542,-0.2783,1.1165,0.6343,-1.9617,0.4861,1.4824,-1.7703,1.6812,-0.6641,-2.0000,0.3596,-0.3242,-0.0984,0.4570,-0.1731,-0.1196,-1.1101,-0.7393,-0.4143,-0.7554,-0.6978,-0.4526,-1.2483,-1.4788,-1.2073,-0.0713,-0.2620,-0.6294,-0.2329,-0.2302,-0.7712,0.2861,1.3850,-0.9497,0.1816,-0.6477,-1.4246,-0.1499,0.1147,-0.8298,-0.5142,-0.4202,-0.7400,0.4094,0.1296,-1.7603,-0.7227,-0.2795,-0.0459,-0.5317,-1.8057,-0.5198,-0.3635,0.0427,-0.0198,0.3953,-0.9810,-2.0000,0.3743,-0.4004,-1.3308,-0.8167,-0.2324,-0.1562,0.4153,0.6340,-0.9854,0.1973,-0.3528,-0.9834,0.2747,0.5264,-1.7615,0.9329,0.2920,-1.8691,0.6665,0.4023,-2.0000,0.3274,-0.0032,-1.2573,0.4773,-0.7727,-2.0000
